horse_id,horse_name,birth_date,trainer_name,trainer_id,owner_name,breeder_name,producing_area,ancestor_id,ancestor_name,generation
2014110029,マラードザレコード,2014-04-01,後藤佑耶,a034e,レックス,Cheveley Park Stud Ltd,英,000a002328,Pivotal,1
2014110029,マラードザレコード,2014-04-01,後藤佑耶,a034e,レックス,Cheveley Park Stud Ltd,英,000a001f3f,Polar Falcon,2
2014110029,マラードザレコード,2014-04-01,後藤佑耶,a034e,レックス,Cheveley Park Stud Ltd,英,000a001676,Nureyev,3
2014110029,マラードザレコード,2014-04-01,後藤佑耶,a034e,レックス,Cheveley Park Stud Ltd,英,000a000e04,Northern Dancer,4
2014110029,マラードザレコード,2014-04-01,後藤佑耶,a034e,レックス,Cheveley Park Stud Ltd,英,000a000f8c,Nearctic,5
2014110029,マラードザレコード,2014-04-01,後藤佑耶,a034e,レックス,Cheveley Park Stud Ltd,英,000a00702e,Natalma,5
2014110029,マラードザレコード,2014-04-01,後藤佑耶,a034e,レックス,Cheveley Park Stud Ltd,英,000a0081e9,Special,4
2014110029,マラードザレコード,2014-04-01,後藤佑耶,a034e,レックス,Cheveley Park Stud Ltd,英,000a000f12,Forli,5
2014110029,マラードザレコード,2014-04-01,後藤佑耶,a034e,レックス,Cheveley Park Stud Ltd,英,000a007e3f,Thong,5
2014110029,マラードザレコード,2014-04-01,後藤佑耶,a034e,レックス,Cheveley Park Stud Ltd,英,000a00a159,Marie d'Argonne,3
2014110029,マラードザレコード,2014-04-01,後藤佑耶,a034e,レックス,Cheveley Park Stud Ltd,英,000a000de9,Jefferson,4
2014110029,マラードザレコード,2014-04-01,後藤佑耶,a034e,レックス,Cheveley Park Stud Ltd,英,000a000de2,Charlottesville,5
2014110029,マラードザレコード,2014-04-01,後藤佑耶,a034e,レックス,Cheveley Park Stud Ltd,英,000a007fac,Monticella,5
2014110029,マラードザレコード,2014-04-01,後藤佑耶,a034e,レックス,Cheveley Park Stud Ltd,英,000a009682,Mohair,4
2014110029,マラードザレコード,2014-04-01,後藤佑耶,a034e,レックス,Cheveley Park Stud Ltd,英,000a000e90,Blue Tom,5
2014110029,マラードザレコード,2014-04-01,後藤佑耶,a034e,レックス,Cheveley Park Stud Ltd,英,000a009681,Imberline,5
2014110029,マラードザレコード,2014-04-01,後藤佑耶,a034e,レックス,Cheveley Park Stud Ltd,英,000a00b6ce,Fearless Revival,2
2014110029,マラードザレコード,2014-04-01,後藤佑耶,a034e,レックス,Cheveley Park Stud Ltd,英,000a001bda,Cozzene,3
2014110029,マラードザレコード,2014-04-01,後藤佑耶,a034e,レックス,Cheveley Park Stud Ltd,英,000a0010ed,Caro,4
2014110029,マラードザレコード,2014-04-01,後藤佑耶,a034e,レックス,Cheveley Park Stud Ltd,英,000a000133,フォルティノ,5
2014110029,マラードザレコード,2014-04-01,後藤佑耶,a034e,レックス,Cheveley Park Stud Ltd,英,000a0069ad,Chambord,5
2014110029,マラードザレコード,2014-04-01,後藤佑耶,a034e,レックス,Cheveley Park Stud Ltd,英,000a008e45,Ride the Trails,4
2014110029,マラードザレコード,2014-04-01,後藤佑耶,a034e,レックス,Cheveley Park Stud Ltd,英,000a000fc7,Prince John,5
2014110029,マラードザレコード,2014-04-01,後藤佑耶,a034e,レックス,Cheveley Park Stud Ltd,英,000a007070,Wildwook,5
2014110029,マラードザレコード,2014-04-01,後藤佑耶,a034e,レックス,Cheveley Park Stud Ltd,英,000a00a1ad,Stufida,3
2014110029,マラードザレコード,2014-04-01,後藤佑耶,a034e,レックス,Cheveley Park Stud Ltd,英,000a000564,Bustino,4
2014110029,マラードザレコード,2014-04-01,後藤佑耶,a034e,レックス,Cheveley Park Stud Ltd,英,000a000e0d,Busted,5
2014110029,マラードザレコード,2014-04-01,後藤佑耶,a034e,レックス,Cheveley Park Stud Ltd,英,000a008371,Ship Yard,5
2014110029,マラードザレコード,2014-04-01,後藤佑耶,a034e,レックス,Cheveley Park Stud Ltd,英,000a00a1ac,Zerbinetta,4
2014110029,マラードザレコード,2014-04-01,後藤佑耶,a034e,レックス,Cheveley Park Stud Ltd,英,000a000e22,Henry the Seventh,5
2014110029,マラードザレコード,2014-04-01,後藤佑耶,a034e,レックス,Cheveley Park Stud Ltd,英,000a006ec7,Yucatan,5
2014110029,マラードザレコード,2014-04-01,後藤佑耶,a034e,レックス,Cheveley Park Stud Ltd,英,000a012dcf,Cape Elizabeth,1
2014110029,マラードザレコード,2014-04-01,後藤佑耶,a034e,レックス,Cheveley Park Stud Ltd,英,000a01056d,Invincible Spirit,2
2014110029,マラードザレコード,2014-04-01,後藤佑耶,a034e,レックス,Cheveley Park Stud Ltd,英,000a0017d2,Green Desert,3
2014110029,マラードザレコード,2014-04-01,後藤佑耶,a034e,レックス,Cheveley Park Stud Ltd,英,000a0000d3,Danzig,4
2014110029,マラードザレコード,2014-04-01,後藤佑耶,a034e,レックス,Cheveley Park Stud Ltd,英,000a000491,Pas de Nom,5
2014110029,マラードザレコード,2014-04-01,後藤佑耶,a034e,レックス,Cheveley Park Stud Ltd,英,000a008662,Foreign Courier,4
2014110029,マラードザレコード,2014-04-01,後藤佑耶,a034e,レックス,Cheveley Park Stud Ltd,英,000a000dd9,Sir Ivor,5
2014110029,マラードザレコード,2014-04-01,後藤佑耶,a034e,レックス,Cheveley Park Stud Ltd,英,000a008661,Courtly Dee,5
2014110029,マラードザレコード,2014-04-01,後藤佑耶,a034e,レックス,Cheveley Park Stud Ltd,英,000a01059f,Rafha,3
2014110029,マラードザレコード,2014-04-01,後藤佑耶,a034e,レックス,Cheveley Park Stud Ltd,英,000a001678,Kris,4
2014110029,マラードザレコード,2014-04-01,後藤佑耶,a034e,レックス,Cheveley Park Stud Ltd,英,000a001677,Sharpen Up,5
2014110029,マラードザレコード,2014-04-01,後藤佑耶,a034e,レックス,Cheveley Park Stud Ltd,英,000a0081eb,Doubly Sure,5
2014110029,マラードザレコード,2014-04-01,後藤佑耶,a034e,レックス,Cheveley Park Stud Ltd,英,000a009ae6,Eljazzi,4
2014110029,マラードザレコード,2014-04-01,後藤佑耶,a034e,レックス,Cheveley Park Stud Ltd,英,000a00003f,アーテイアス,5
2014110029,マラードザレコード,2014-04-01,後藤佑耶,a034e,レックス,Cheveley Park Stud Ltd,英,000a0071e0,Border Bounty,5
2014110029,マラードザレコード,2014-04-01,後藤佑耶,a034e,レックス,Cheveley Park Stud Ltd,英,000a012dce,Maine Lobster,2
2014110029,マラードザレコード,2014-04-01,後藤佑耶,a034e,レックス,Cheveley Park Stud Ltd,英,000a001beb,Woodman,3
2014110029,マラードザレコード,2014-04-01,後藤佑耶,a034e,レックス,Cheveley Park Stud Ltd,英,000a001607,Mr. Prospector,4
2014110029,マラードザレコード,2014-04-01,後藤佑耶,a034e,レックス,Cheveley Park Stud Ltd,英,000a000e46,Raise a Native,5
2014110029,マラードザレコード,2014-04-01,後藤佑耶,a034e,レックス,Cheveley Park Stud Ltd,英,000a007e0c,Gold Digger,5
2014110029,マラードザレコード,2014-04-01,後藤佑耶,a034e,レックス,Cheveley Park Stud Ltd,英,000a006409,プレイメイト,4
2014110029,マラードザレコード,2014-04-01,後藤佑耶,a034e,レックス,Cheveley Park Stud Ltd,英,000a000e0e,Buckpasser,5
2014110029,マラードザレコード,2014-04-01,後藤佑耶,a034e,レックス,Cheveley Park Stud Ltd,英,000a007ca0,Intriguing,5
2014110029,マラードザレコード,2014-04-01,後藤佑耶,a034e,レックス,Cheveley Park Stud Ltd,英,000a00aa74,Capades,3
2014110029,マラードザレコード,2014-04-01,後藤佑耶,a034e,レックス,Cheveley Park Stud Ltd,英,000a001a74,Overskate,4
2014110029,マラードザレコード,2014-04-01,後藤佑耶,a034e,レックス,Cheveley Park Stud Ltd,英,000a001384,Nodouble,5
2014110029,マラードザレコード,2014-04-01,後藤佑耶,a034e,レックス,Cheveley Park Stud Ltd,英,000a008d9c,Overstate,5
2014110029,マラードザレコード,2014-04-01,後藤佑耶,a034e,レックス,Cheveley Park Stud Ltd,英,000a00aa73,Medal of Valor,4
2014110029,マラードザレコード,2014-04-01,後藤佑耶,a034e,レックス,Cheveley Park Stud Ltd,英,000a0010a8,Damascus,5
2014110029,マラードザレコード,2014-04-01,後藤佑耶,a034e,レックス,Cheveley Park Stud Ltd,英,000a00aa72,La Fuerza,5
2017101415,ウインマイティー,2017-04-01,西園正都,01028,ウイン,コスモヴューファーム,新冠町,2009102739,ゴールドシップ,1
2017101415,ウインマイティー,2017-04-01,西園正都,01028,ウイン,コスモヴューファーム,新冠町,1994108729,ステイゴールド,2
2017101415,ウインマイティー,2017-04-01,西園正都,01028,ウイン,コスモヴューファーム,新冠町,000a00033a,サンデーサイレンス,3
2017101415,ウインマイティー,2017-04-01,西園正都,01028,ウイン,コスモヴューファーム,新冠町,000a0012bf,Halo,4
2017101415,ウインマイティー,2017-04-01,西園正都,01028,ウイン,コスモヴューファーム,新冠町,000a000f2b,Hail to Reason,5
2017101415,ウインマイティー,2017-04-01,西園正都,01028,ウイン,コスモヴューファーム,新冠町,000a007459,Cosmah,5
2017101415,ウインマイティー,2017-04-01,西園正都,01028,ウイン,コスモヴューファーム,新冠町,000a008c1e,Wishing Well,4
2017101415,ウインマイティー,2017-04-01,西園正都,01028,ウイン,コスモヴューファーム,新冠町,000a0019b6,Understanding,5
2017101415,ウインマイティー,2017-04-01,西園正都,01028,ウイン,コスモヴューファーム,新冠町,000a008c1d,Mountain Flower,5
2017101415,ウインマイティー,2017-04-01,西園正都,01028,ウイン,コスモヴューファーム,新冠町,1988107344,ゴールデンサッシュ,3
2017101415,ウインマイティー,2017-04-01,西園正都,01028,ウイン,コスモヴューファーム,新冠町,000a0000ed,ディクタス,4
2017101415,ウインマイティー,2017-04-01,西園正都,01028,ウイン,コスモヴューファーム,新冠町,000a000ff4,Sanctus,5
2017101415,ウインマイティー,2017-04-01,西園正都,01028,ウイン,コスモヴューファーム,新冠町,000a0071d4,Doronic,5
2017101415,ウインマイティー,2017-04-01,西園正都,01028,ウイン,コスモヴューファーム,新冠町,1979101752,ダイナサッシュ,4
2017101415,ウインマイティー,2017-04-01,西園正都,01028,ウイン,コスモヴューファーム,新冠町,000a000258,ノーザンテースト,5
2017101415,ウインマイティー,2017-04-01,西園正都,01028,ウイン,コスモヴューファーム,新冠町,000a00074f,ロイヤルサッシュ,5
2017101415,ウインマイティー,2017-04-01,西園正都,01028,ウイン,コスモヴューファーム,新冠町,1998106155,ポイントフラッグ,2
2017101415,ウインマイティー,2017-04-01,西園正都,01028,ウイン,コスモヴューファーム,新冠町,1987107235,メジロマックイーン,3
2017101415,ウインマイティー,2017-04-01,西園正都,01028,ウイン,コスモヴューファーム,新冠町,1978106598,メジロティターン,4
2017101415,ウインマイティー,2017-04-01,西園正都,01028,ウイン,コスモヴューファーム,新冠町,000a000b2b,メジロアサマ,5
2017101415,ウインマイティー,2017-04-01,西園正都,01028,ウイン,コスモヴューファーム,新冠町,000a000581,シエリル,5
2017101415,ウインマイティー,2017-04-01,西園正都,01028,ウイン,コスモヴューファーム,新冠町,1978106600,メジロオーロラ,4
2017101415,ウインマイティー,2017-04-01,西園正都,01028,ウイン,コスモヴューファーム,新冠町,000a0002ae,リマンド,5
2017101415,ウインマイティー,2017-04-01,西園正都,01028,ウイン,コスモヴューファーム,新冠町,000a003fc1,メジロアイリス,5
2017101415,ウインマイティー,2017-04-01,西園正都,01028,ウイン,コスモヴューファーム,新冠町,1987106268,パストラリズム,3
2017101415,ウインマイティー,2017-04-01,西園正都,01028,ウイン,コスモヴューファーム,新冠町,000a000cde,プルラリズム,4
2017101415,ウインマイティー,2017-04-01,西園正都,01028,ウイン,コスモヴューファーム,新冠町,000a0012c8,The Minstrel,5
2017101415,ウインマイティー,2017-04-01,西園正都,01028,ウイン,コスモヴューファーム,新冠町,000a007f7a,Cambretta,5
2017101415,ウインマイティー,2017-04-01,西園正都,01028,ウイン,コスモヴューファーム,新冠町,1978105727,トクノエイティー,4
2017101415,ウインマイティー,2017-04-01,西園正都,01028,ウイン,コスモヴューファーム,新冠町,000a000375,トライバルチーフ,5
2017101415,ウインマイティー,2017-04-01,西園正都,01028,ウイン,コスモヴューファーム,新冠町,1955104166,アイアンルビー,5
2017101415,ウインマイティー,2017-04-01,西園正都,01028,ウイン,コスモヴューファーム,新冠町,1999106425,アオバコリン,1
2017101415,ウインマイティー,2017-04-01,西園正都,01028,ウイン,コスモヴューファーム,新冠町,1986109001,カコイーシーズ,2
2017101415,ウインマイティー,2017-04-01,西園正都,01028,ウイン,コスモヴューファーム,新冠町,000a00175b,Alydar,3
2017101415,ウインマイティー,2017-04-01,西園正都,01028,ウイン,コスモヴューファーム,新冠町,000a000e46,Raise a Native,4
2017101415,ウインマイティー,2017-04-01,西園正都,01028,ウイン,コスモヴューファーム,新冠町,000a000f89,Native Dancer,5
2017101415,ウインマイティー,2017-04-01,西園正都,01028,ウイン,コスモヴューファーム,新冠町,000a007984,Raise You,5
2017101415,ウインマイティー,2017-04-01,西園正都,01028,ウイン,コスモヴューファーム,新冠町,000a007adb,Sweet Tooth,4
2017101415,ウインマイティー,2017-04-01,西園正都,01028,ウイン,コスモヴューファーム,新冠町,000a000489,On-And-On,5
2017101415,ウインマイティー,2017-04-01,西園正都,01028,ウイン,コスモヴューファーム,新冠町,000a00792b,Plum Cake,5
2017101415,ウインマイティー,2017-04-01,西園正都,01028,ウイン,コスモヴューファーム,新冠町,000a0090c3,Careless Notion,3
2017101415,ウインマイティー,2017-04-01,西園正都,01028,ウイン,コスモヴューファーム,新冠町,000a000de8,Jester,4
2017101415,ウインマイティー,2017-04-01,西園正都,01028,ウイン,コスモヴューファーム,新冠町,000a001032,Tom Fool,5
2017101415,ウインマイティー,2017-04-01,西園正都,01028,ウイン,コスモヴューファーム,新冠町,000a007610,Golden Apple,5
2017101415,ウインマイティー,2017-04-01,西園正都,01028,ウイン,コスモヴューファーム,新冠町,000a0090c2,Miss Uppity,4
2017101415,ウインマイティー,2017-04-01,西園正都,01028,ウイン,コスモヴューファーム,新冠町,000a000f88,Nasrullah,5
2017101415,ウインマイティー,2017-04-01,西園正都,01028,ウイン,コスモヴューファーム,新冠町,000a0090c1,Nursery School,5
2017101415,ウインマイティー,2017-04-01,西園正都,01028,ウイン,コスモヴューファーム,新冠町,000a006449,コリンヌドゥブルイェール,2
2017101415,ウインマイティー,2017-04-01,西園正都,01028,ウイン,コスモヴューファーム,新冠町,000a0016b9,Lomond,3
2017101415,ウインマイティー,2017-04-01,西園正都,01028,ウイン,コスモヴューファーム,新冠町,000a000e04,Northern Dancer,4
2017101415,ウインマイティー,2017-04-01,西園正都,01028,ウイン,コスモヴューファーム,新冠町,000a000f8c,Nearctic,5
2017101415,ウインマイティー,2017-04-01,西園正都,01028,ウイン,コスモヴューファーム,新冠町,000a00702e,Natalma,5
2017101415,ウインマイティー,2017-04-01,西園正都,01028,ウイン,コスモヴューファーム,新冠町,000a008080,My Charmer,4
2017101415,ウインマイティー,2017-04-01,西園正都,01028,ウイン,コスモヴューファーム,新冠町,000a00110c,Poker,5
2017101415,ウインマイティー,2017-04-01,西園正都,01028,ウイン,コスモヴューファーム,新冠町,000a008081,Fair Charmer,5
2017101415,ウインマイティー,2017-04-01,西園正都,01028,ウイン,コスモヴューファーム,新冠町,000a000154,Gold and Purple,3
2017101415,ウインマイティー,2017-04-01,西園正都,01028,ウイン,コスモヴューファーム,新冠町,000a001858,Golden Fleece,4
2017101415,ウインマイティー,2017-04-01,西園正都,01028,ウイン,コスモヴューファーム,新冠町,000a000dfe,Nijinsky,5
2017101415,ウインマイティー,2017-04-01,西園正都,01028,ウイン,コスモヴューファーム,新冠町,000a008889,Exotic Treat,5
2017101415,ウインマイティー,2017-04-01,西園正都,01028,ウイン,コスモヴューファーム,新冠町,000a00808b,Arkadina,4
2017101415,ウインマイティー,2017-04-01,西園正都,01028,ウイン,コスモヴューファーム,新冠町,000a000fdf,Ribot,5
2017101415,ウインマイティー,2017-04-01,西園正都,01028,ウイン,コスモヴューファーム,新冠町,000a00808c,Natashka,5
2018100008,ナサ,2018-03-27,伊藤滋規,05722,杉浦和也,アイズスタッド,日高町,2008103552,ロードカナロア,1
2018100008,ナサ,2018-03-27,伊藤滋規,05722,杉浦和也,アイズスタッド,日高町,2001103460,キングカメハメハ,2
2018100008,ナサ,2018-03-27,伊藤滋規,05722,杉浦和也,アイズスタッド,日高町,000a001d7e,Kingmambo,3
2018100008,ナサ,2018-03-27,伊藤滋規,05722,杉浦和也,アイズスタッド,日高町,000a001607,Mr. Prospector,4
2018100008,ナサ,2018-03-27,伊藤滋規,05722,杉浦和也,アイズスタッド,日高町,000a000e46,Raise a Native,5
2018100008,ナサ,2018-03-27,伊藤滋規,05722,杉浦和也,アイズスタッド,日高町,000a007e0c,Gold Digger,5
2018100008,ナサ,2018-03-27,伊藤滋規,05722,杉浦和也,アイズスタッド,日高町,000a009961,Miesque,4
2018100008,ナサ,2018-03-27,伊藤滋規,05722,杉浦和也,アイズスタッド,日高町,000a001676,Nureyev,5
2018100008,ナサ,2018-03-27,伊藤滋規,05722,杉浦和也,アイズスタッド,日高町,000a0084c9,Pasadoble,5
2018100008,ナサ,2018-03-27,伊藤滋規,05722,杉浦和也,アイズスタッド,日高町,000a00680e,マンファス,3
2018100008,ナサ,2018-03-27,伊藤滋規,05722,杉浦和也,アイズスタッド,日高町,000a0001d6,ラストタイクーン,4
2018100008,ナサ,2018-03-27,伊藤滋規,05722,杉浦和也,アイズスタッド,日高町,000a000378,トライマイベスト,5
2018100008,ナサ,2018-03-27,伊藤滋規,05722,杉浦和也,アイズスタッド,日高町,000a009241,Mill Princess,5
2018100008,ナサ,2018-03-27,伊藤滋規,05722,杉浦和也,アイズスタッド,日高町,000a00b1e0,Pilot Bird,4
2018100008,ナサ,2018-03-27,伊藤滋規,05722,杉浦和也,アイズスタッド,日高町,000a000e1d,Blakeney,5
2018100008,ナサ,2018-03-27,伊藤滋規,05722,杉浦和也,アイズスタッド,日高町,000a009608,The Dancer,5
2018100008,ナサ,2018-03-27,伊藤滋規,05722,杉浦和也,アイズスタッド,日高町,1996107173,レディブラッサム,2
2018100008,ナサ,2018-03-27,伊藤滋規,05722,杉浦和也,アイズスタッド,日高町,000a001a98,Storm Cat,3
2018100008,ナサ,2018-03-27,伊藤滋規,05722,杉浦和也,アイズスタッド,日高町,000a0016d4,Storm Bird,4
2018100008,ナサ,2018-03-27,伊藤滋規,05722,杉浦和也,アイズスタッド,日高町,000a000e04,Northern Dancer,5
2018100008,ナサ,2018-03-27,伊藤滋規,05722,杉浦和也,アイズスタッド,日高町,000a00834c,South Ocean,5
2018100008,ナサ,2018-03-27,伊藤滋規,05722,杉浦和也,アイズスタッド,日高町,000a008e05,Terlingua,4
2018100008,ナサ,2018-03-27,伊藤滋規,05722,杉浦和也,アイズスタッド,日高町,000a000ded,Secretariat,5
2018100008,ナサ,2018-03-27,伊藤滋規,05722,杉浦和也,アイズスタッド,日高町,000a008e04,Crimson Saint,5
2018100008,ナサ,2018-03-27,伊藤滋規,05722,杉浦和也,アイズスタッド,日高町,000a00652e,サラトガデュー,3
2018100008,ナサ,2018-03-27,伊藤滋規,05722,杉浦和也,アイズスタッド,日高町,000a00177c,Cormorant,4
2018100008,ナサ,2018-03-27,伊藤滋規,05722,杉浦和也,アイズスタッド,日高町,000a000628,His Majesty,5
2018100008,ナサ,2018-03-27,伊藤滋規,05722,杉浦和也,アイズスタッド,日高町,000a008508,Song Sparrow,5
2018100008,ナサ,2018-03-27,伊藤滋規,05722,杉浦和也,アイズスタッド,日高町,000a00033d,Super Luna,4
2018100008,ナサ,2018-03-27,伊藤滋規,05722,杉浦和也,アイズスタッド,日高町,000a0010e2,In Reality,5
2018100008,ナサ,2018-03-27,伊藤滋規,05722,杉浦和也,アイズスタッド,日高町,000a00001a,Alada,5
2018100008,ナサ,2018-03-27,伊藤滋規,05722,杉浦和也,アイズスタッド,日高町,2007105741,ダイヤモンドムーン,1
2018100008,ナサ,2018-03-27,伊藤滋規,05722,杉浦和也,アイズスタッド,日高町,1998101554,マンハッタンカフェ,2
2018100008,ナサ,2018-03-27,伊藤滋規,05722,杉浦和也,アイズスタッド,日高町,000a00033a,サンデーサイレンス,3
2018100008,ナサ,2018-03-27,伊藤滋規,05722,杉浦和也,アイズスタッド,日高町,000a0012bf,Halo,4
2018100008,ナサ,2018-03-27,伊藤滋規,05722,杉浦和也,アイズスタッド,日高町,000a000f2b,Hail to Reason,5
2018100008,ナサ,2018-03-27,伊藤滋規,05722,杉浦和也,アイズスタッド,日高町,000a007459,Cosmah,5
2018100008,ナサ,2018-03-27,伊藤滋規,05722,杉浦和也,アイズスタッド,日高町,000a008c1e,Wishing Well,4
2018100008,ナサ,2018-03-27,伊藤滋規,05722,杉浦和也,アイズスタッド,日高町,000a0019b6,Understanding,5
2018100008,ナサ,2018-03-27,伊藤滋規,05722,杉浦和也,アイズスタッド,日高町,000a008c1d,Mountain Flower,5
2018100008,ナサ,2018-03-27,伊藤滋規,05722,杉浦和也,アイズスタッド,日高町,000a000334,サトルチェンジ,3
2018100008,ナサ,2018-03-27,伊藤滋規,05722,杉浦和也,アイズスタッド,日高町,000a0016ec,Law Society,4
2018100008,ナサ,2018-03-27,伊藤滋規,05722,杉浦和也,アイズスタッド,日高町,000a0012f7,Alleged,5
2018100008,ナサ,2018-03-27,伊藤滋規,05722,杉浦和也,アイズスタッド,日高町,000a0083ad,Bold Bikini,5
2018100008,ナサ,2018-03-27,伊藤滋規,05722,杉浦和也,アイズスタッド,日高町,000a0002d8,Santa Luciana,4
2018100008,ナサ,2018-03-27,伊藤滋規,05722,杉浦和也,アイズスタッド,日高町,000a001347,Luciano,5
2018100008,ナサ,2018-03-27,伊藤滋規,05722,杉浦和也,アイズスタッド,日高町,000a00807e,Suleika,5
2018100008,ナサ,2018-03-27,伊藤滋規,05722,杉浦和也,アイズスタッド,日高町,1993102278,レインボークイーン,2
2018100008,ナサ,2018-03-27,伊藤滋規,05722,杉浦和也,アイズスタッド,日高町,1988107894,リンドシェーバー,3
2018100008,ナサ,2018-03-27,伊藤滋規,05722,杉浦和也,アイズスタッド,日高町,000a00175b,Alydar,4
2018100008,ナサ,2018-03-27,伊藤滋規,05722,杉浦和也,アイズスタッド,日高町,000a007adb,Sweet Tooth,5
2018100008,ナサ,2018-03-27,伊藤滋規,05722,杉浦和也,アイズスタッド,日高町,000a00006a,ベーシイド,4
2018100008,ナサ,2018-03-27,伊藤滋規,05722,杉浦和也,アイズスタッド,日高町,000a001a86,Cool Moon,5
2018100008,ナサ,2018-03-27,伊藤滋規,05722,杉浦和也,アイズスタッド,日高町,000a008de3,Polondra,5
2018100008,ナサ,2018-03-27,伊藤滋規,05722,杉浦和也,アイズスタッド,日高町,1981101679,レインボースキー,3
2018100008,ナサ,2018-03-27,伊藤滋規,05722,杉浦和也,アイズスタッド,日高町,000a0003c6,ロイヤルスキー,4
2018100008,ナサ,2018-03-27,伊藤滋規,05722,杉浦和也,アイズスタッド,日高町,000a0010fa,Raja Baba,5
2018100008,ナサ,2018-03-27,伊藤滋規,05722,杉浦和也,アイズスタッド,日高町,000a0000ba,Coz o'Nijinsky,5
2018100008,ナサ,2018-03-27,伊藤滋規,05722,杉浦和也,アイズスタッド,日高町,1955102609,シルバーアロー,4
2018100008,ナサ,2018-03-27,伊藤滋規,05722,杉浦和也,アイズスタッド,日高町,000a000355,テスコボーイ,5
2018100008,ナサ,2018-03-27,伊藤滋規,05722,杉浦和也,アイズスタッド,日高町,000a002c95,ヒサエ,5
2018100427,ビッグリボン,2018-03-05,中内田充,01137,石川達絵,下河辺牧場,日高町,2007103143,ルーラーシップ,1
2018100427,ビッグリボン,2018-03-05,中内田充,01137,石川達絵,下河辺牧場,日高町,2001103460,キングカメハメハ,2
2018100427,ビッグリボン,2018-03-05,中内田充,01137,石川達絵,下河辺牧場,日高町,000a001d7e,Kingmambo,3
2018100427,ビッグリボン,2018-03-05,中内田充,01137,石川達絵,下河辺牧場,日高町,000a001607,Mr. Prospector,4
2018100427,ビッグリボン,2018-03-05,中内田充,01137,石川達絵,下河辺牧場,日高町,000a000e46,Raise a Native,5
2018100427,ビッグリボン,2018-03-05,中内田充,01137,石川達絵,下河辺牧場,日高町,000a007e0c,Gold Digger,5
2018100427,ビッグリボン,2018-03-05,中内田充,01137,石川達絵,下河辺牧場,日高町,000a009961,Miesque,4
2018100427,ビッグリボン,2018-03-05,中内田充,01137,石川達絵,下河辺牧場,日高町,000a001676,Nureyev,5
2018100427,ビッグリボン,2018-03-05,中内田充,01137,石川達絵,下河辺牧場,日高町,000a0084c9,Pasadoble,5
2018100427,ビッグリボン,2018-03-05,中内田充,01137,石川達絵,下河辺牧場,日高町,000a00680e,マンファス,3
2018100427,ビッグリボン,2018-03-05,中内田充,01137,石川達絵,下河辺牧場,日高町,000a0001d6,ラストタイクーン,4
2018100427,ビッグリボン,2018-03-05,中内田充,01137,石川達絵,下河辺牧場,日高町,000a000378,トライマイベスト,5
2018100427,ビッグリボン,2018-03-05,中内田充,01137,石川達絵,下河辺牧場,日高町,000a009241,Mill Princess,5
2018100427,ビッグリボン,2018-03-05,中内田充,01137,石川達絵,下河辺牧場,日高町,000a00b1e0,Pilot Bird,4
2018100427,ビッグリボン,2018-03-05,中内田充,01137,石川達絵,下河辺牧場,日高町,000a000e1d,Blakeney,5
2018100427,ビッグリボン,2018-03-05,中内田充,01137,石川達絵,下河辺牧場,日高町,000a009608,The Dancer,5
2018100427,ビッグリボン,2018-03-05,中内田充,01137,石川達絵,下河辺牧場,日高町,1993109154,エアグルーヴ,2
2018100427,ビッグリボン,2018-03-05,中内田充,01137,石川達絵,下河辺牧場,日高町,1983109006,トニービン,3
2018100427,ビッグリボン,2018-03-05,中内田充,01137,石川達絵,下河辺牧場,日高町,000a000827,カンパラ,4
2018100427,ビッグリボン,2018-03-05,中内田充,01137,石川達絵,下河辺牧場,日高町,000a0016c2,Kalamoun,5
2018100427,ビッグリボン,2018-03-05,中内田充,01137,石川達絵,下河辺牧場,日高町,000a00859a,State Pension,5
2018100427,ビッグリボン,2018-03-05,中内田充,01137,石川達絵,下河辺牧場,日高町,000a00859c,Severn Bridge,4
2018100427,ビッグリボン,2018-03-05,中内田充,01137,石川達絵,下河辺牧場,日高町,000a000e25,Hornbeam,5
2018100427,ビッグリボン,2018-03-05,中内田充,01137,石川達絵,下河辺牧場,日高町,000a00859b,Priddy Fair,5
2018100427,ビッグリボン,2018-03-05,中内田充,01137,石川達絵,下河辺牧場,日高町,1980101983,ダイナカール,3
2018100427,ビッグリボン,2018-03-05,中内田充,01137,石川達絵,下河辺牧場,日高町,000a000258,ノーザンテースト,4
2018100427,ビッグリボン,2018-03-05,中内田充,01137,石川達絵,下河辺牧場,日高町,000a000e04,Northern Dancer,5
2018100427,ビッグリボン,2018-03-05,中内田充,01137,石川達絵,下河辺牧場,日高町,000a007055,Lady Victoria,5
2018100427,ビッグリボン,2018-03-05,中内田充,01137,石川達絵,下河辺牧場,日高町,1955105713,シャダイフェザー,4
2018100427,ビッグリボン,2018-03-05,中内田充,01137,石川達絵,下河辺牧場,日高町,000a000434,ガーサント,5
2018100427,ビッグリボン,2018-03-05,中内田充,01137,石川達絵,下河辺牧場,日高町,000a003ca0,パロクサイド,5
2018100427,ビッグリボン,2018-03-05,中内田充,01137,石川達絵,下河辺牧場,日高町,2008105619,ブリッツフィナーレ,1
2018100427,ビッグリボン,2018-03-05,中内田充,01137,石川達絵,下河辺牧場,日高町,2002100816,ディープインパクト,2
2018100427,ビッグリボン,2018-03-05,中内田充,01137,石川達絵,下河辺牧場,日高町,000a00033a,サンデーサイレンス,3
2018100427,ビッグリボン,2018-03-05,中内田充,01137,石川達絵,下河辺牧場,日高町,000a0012bf,Halo,4
2018100427,ビッグリボン,2018-03-05,中内田充,01137,石川達絵,下河辺牧場,日高町,000a000f2b,Hail to Reason,5
2018100427,ビッグリボン,2018-03-05,中内田充,01137,石川達絵,下河辺牧場,日高町,000a007459,Cosmah,5
2018100427,ビッグリボン,2018-03-05,中内田充,01137,石川達絵,下河辺牧場,日高町,000a008c1e,Wishing Well,4
2018100427,ビッグリボン,2018-03-05,中内田充,01137,石川達絵,下河辺牧場,日高町,000a0019b6,Understanding,5
2018100427,ビッグリボン,2018-03-05,中内田充,01137,石川達絵,下河辺牧場,日高町,000a008c1d,Mountain Flower,5
2018100427,ビッグリボン,2018-03-05,中内田充,01137,石川達絵,下河辺牧場,日高町,000a0003a2,ウインドインハーヘア,3
2018100427,ビッグリボン,2018-03-05,中内田充,01137,石川達絵,下河辺牧場,日高町,000a001cb4,Alzao,4
2018100427,ビッグリボン,2018-03-05,中内田充,01137,石川達絵,下河辺牧場,日高町,000a001205,Lyphard,5
2018100427,ビッグリボン,2018-03-05,中内田充,01137,石川達絵,下河辺牧場,日高町,000a009170,Lady Rebecca,5
2018100427,ビッグリボン,2018-03-05,中内田充,01137,石川達絵,下河辺牧場,日高町,000a00922c,Burghclere,4
2018100427,ビッグリボン,2018-03-05,中内田充,01137,石川達絵,下河辺牧場,日高町,000a000e0d,Busted,5
2018100427,ビッグリボン,2018-03-05,中内田充,01137,石川達絵,下河辺牧場,日高町,000a008341,Highclere,5
2018100427,ビッグリボン,2018-03-05,中内田充,01137,石川達絵,下河辺牧場,日高町,1995102745,ロンドンブリッジ,2
2018100427,ビッグリボン,2018-03-05,中内田充,01137,石川達絵,下河辺牧場,日高町,1989109102,ドクターデヴィアス,3
2018100427,ビッグリボン,2018-03-05,中内田充,01137,石川達絵,下河辺牧場,日高町,000a00176c,Ahonoora,4
2018100427,ビッグリボン,2018-03-05,中内田充,01137,石川達絵,下河辺牧場,日高町,000a000f66,Lorenzaccio,5
2018100427,ビッグリボン,2018-03-05,中内田充,01137,石川達絵,下河辺牧場,日高町,000a0084c0,Helen Nichols,5
2018100427,ビッグリボン,2018-03-05,中内田充,01137,石川達絵,下河辺牧場,日高町,000a009560,Rose of Jericho,4
2018100427,ビッグリボン,2018-03-05,中内田充,01137,石川達絵,下河辺牧場,日高町,000a0012f7,Alleged,5
2018100427,ビッグリボン,2018-03-05,中内田充,01137,石川達絵,下河辺牧場,日高町,000a00955f,Rose Red,5
2018100427,ビッグリボン,2018-03-05,中内田充,01137,石川達絵,下河辺牧場,日高町,000a00624e,オールフォーロンドン,3
2018100427,ビッグリボン,2018-03-05,中内田充,01137,石川達絵,下河辺牧場,日高町,000a0000d3,Danzig,4
2018100427,ビッグリボン,2018-03-05,中内田充,01137,石川達絵,下河辺牧場,日高町,000a000491,Pas de Nom,5
2018100427,ビッグリボン,2018-03-05,中内田充,01137,石川達絵,下河辺牧場,日高町,000a008da9,Full Card,4
2018100427,ビッグリボン,2018-03-05,中内田充,01137,石川達絵,下河辺牧場,日高町,000a0010a8,Damascus,5
2018100427,ビッグリボン,2018-03-05,中内田充,01137,石川達絵,下河辺牧場,日高町,000a008da8,Belle of the Ball,5
2018100886,ジェットエンブレム,2018-05-08,長倉功,05590,犬塚悠治郎,浜本牧場,日高町,000a011155,ヘニーヒューズ,1
2018100886,ジェットエンブレム,2018-05-08,長倉功,05590,犬塚悠治郎,浜本牧場,日高町,000a000178,ヘネシー,2
2018100886,ジェットエンブレム,2018-05-08,長倉功,05590,犬塚悠治郎,浜本牧場,日高町,000a001a98,Storm Cat,3
2018100886,ジェットエンブレム,2018-05-08,長倉功,05590,犬塚悠治郎,浜本牧場,日高町,000a0016d4,Storm Bird,4
2018100886,ジェットエンブレム,2018-05-08,長倉功,05590,犬塚悠治郎,浜本牧場,日高町,000a000e04,Northern Dancer,5
2018100886,ジェットエンブレム,2018-05-08,長倉功,05590,犬塚悠治郎,浜本牧場,日高町,000a00834c,South Ocean,5
2018100886,ジェットエンブレム,2018-05-08,長倉功,05590,犬塚悠治郎,浜本牧場,日高町,000a008e05,Terlingua,4
2018100886,ジェットエンブレム,2018-05-08,長倉功,05590,犬塚悠治郎,浜本牧場,日高町,000a000ded,Secretariat,5
2018100886,ジェットエンブレム,2018-05-08,長倉功,05590,犬塚悠治郎,浜本牧場,日高町,000a008e04,Crimson Saint,5
2018100886,ジェットエンブレム,2018-05-08,長倉功,05590,犬塚悠治郎,浜本牧場,日高町,000a00a104,Island Kitty,3
2018100886,ジェットエンブレム,2018-05-08,長倉功,05590,犬塚悠治郎,浜本牧場,日高町,000a0010d6,Hawaii,4
2018100886,ジェットエンブレム,2018-05-08,長倉功,05590,犬塚悠治郎,浜本牧場,日高町,000a001236,Utrillo,5
2018100886,ジェットエンブレム,2018-05-08,長倉功,05590,犬塚悠治郎,浜本牧場,日高町,000a007525,Ethane,5
2018100886,ジェットエンブレム,2018-05-08,長倉功,05590,犬塚悠治郎,浜本牧場,日高町,000a009f23,T. C. Kitten,4
2018100886,ジェットエンブレム,2018-05-08,長倉功,05590,犬塚悠治郎,浜本牧場,日高町,000a001ee1,Tom Cat,5
2018100886,ジェットエンブレム,2018-05-08,長倉功,05590,犬塚悠治郎,浜本牧場,日高町,000a009f22,Needlebug,5
2018100886,ジェットエンブレム,2018-05-08,長倉功,05590,犬塚悠治郎,浜本牧場,日高町,000a01117d,Meadow Flyer,2
2018100886,ジェットエンブレム,2018-05-08,長倉功,05590,犬塚悠治郎,浜本牧場,日高町,000a001c0e,Meadowlake,3
2018100886,ジェットエンブレム,2018-05-08,長倉功,05590,犬塚悠治郎,浜本牧場,日高町,000a00184d,Hold Your Peace,4
2018100886,ジェットエンブレム,2018-05-08,長倉功,05590,犬塚悠治郎,浜本牧場,日高町,000a00180b,Speak John,5
2018100886,ジェットエンブレム,2018-05-08,長倉功,05590,犬塚悠治郎,浜本牧場,日高町,000a0086de,Blue Moon,5
2018100886,ジェットエンブレム,2018-05-08,長倉功,05590,犬塚悠治郎,浜本牧場,日高町,000a0092dd,Suspicious Native,4
2018100886,ジェットエンブレム,2018-05-08,長倉功,05590,犬塚悠治郎,浜本牧場,日高町,000a000e46,Raise a Native,5
2018100886,ジェットエンブレム,2018-05-08,長倉功,05590,犬塚悠治郎,浜本牧場,日高町,000a0092dc,Be Suspicious,5
2018100886,ジェットエンブレム,2018-05-08,長倉功,05590,犬塚悠治郎,浜本牧場,日高町,000a009e3b,Shortley,3
2018100886,ジェットエンブレム,2018-05-08,長倉功,05590,犬塚悠治郎,浜本牧場,日高町,000a001db6,Hagley,4
2018100886,ジェットエンブレム,2018-05-08,長倉功,05590,犬塚悠治郎,浜本牧場,日高町,000a000dbc,Olden Times,5
2018100886,ジェットエンブレム,2018-05-08,長倉功,05590,犬塚悠治郎,浜本牧場,日高町,000a009a0c,Teo Pepi,5
2018100886,ジェットエンブレム,2018-05-08,長倉功,05590,犬塚悠治郎,浜本牧場,日高町,000a009e3a,Short Winded,4
2018100886,ジェットエンブレム,2018-05-08,長倉功,05590,犬塚悠治郎,浜本牧場,日高町,000a001eaf,Harvest Singing,5
2018100886,ジェットエンブレム,2018-05-08,長倉功,05590,犬塚悠治郎,浜本牧場,日高町,000a009e39,Wild Cloud,5
2018100886,ジェットエンブレム,2018-05-08,長倉功,05590,犬塚悠治郎,浜本牧場,日高町,2006102889,アイアムネオ,1
2018100886,ジェットエンブレム,2018-05-08,長倉功,05590,犬塚悠治郎,浜本牧場,日高町,2000101426,ネオユニヴァース,2
2018100886,ジェットエンブレム,2018-05-08,長倉功,05590,犬塚悠治郎,浜本牧場,日高町,000a00033a,サンデーサイレンス,3
2018100886,ジェットエンブレム,2018-05-08,長倉功,05590,犬塚悠治郎,浜本牧場,日高町,000a0012bf,Halo,4
2018100886,ジェットエンブレム,2018-05-08,長倉功,05590,犬塚悠治郎,浜本牧場,日高町,000a000f2b,Hail to Reason,5
2018100886,ジェットエンブレム,2018-05-08,長倉功,05590,犬塚悠治郎,浜本牧場,日高町,000a007459,Cosmah,5
2018100886,ジェットエンブレム,2018-05-08,長倉功,05590,犬塚悠治郎,浜本牧場,日高町,000a008c1e,Wishing Well,4
2018100886,ジェットエンブレム,2018-05-08,長倉功,05590,犬塚悠治郎,浜本牧場,日高町,000a0019b6,Understanding,5
2018100886,ジェットエンブレム,2018-05-08,長倉功,05590,犬塚悠治郎,浜本牧場,日高町,000a008c1d,Mountain Flower,5
2018100886,ジェットエンブレム,2018-05-08,長倉功,05590,犬塚悠治郎,浜本牧場,日高町,000a000285,ポインテッドパス,3
2018100886,ジェットエンブレム,2018-05-08,長倉功,05590,犬塚悠治郎,浜本牧場,日高町,000a001678,Kris,4
2018100886,ジェットエンブレム,2018-05-08,長倉功,05590,犬塚悠治郎,浜本牧場,日高町,000a001677,Sharpen Up,5
2018100886,ジェットエンブレム,2018-05-08,長倉功,05590,犬塚悠治郎,浜本牧場,日高町,000a0081eb,Doubly Sure,5
2018100886,ジェットエンブレム,2018-05-08,長倉功,05590,犬塚悠治郎,浜本牧場,日高町,000a009c85,Silken Way,4
2018100886,ジェットエンブレム,2018-05-08,長倉功,05590,犬塚悠治郎,浜本牧場,日高町,000a000de4,Shantung,5
2018100886,ジェットエンブレム,2018-05-08,長倉功,05590,犬塚悠治郎,浜本牧場,日高町,000a009338,Boulevard,5
2018100886,ジェットエンブレム,2018-05-08,長倉功,05590,犬塚悠治郎,浜本牧場,日高町,000a006778,イクスペクトトゥシャイン,2
2018100886,ジェットエンブレム,2018-05-08,長倉功,05590,犬塚悠治郎,浜本牧場,日高町,000a001607,Mr. Prospector,3
2018100886,ジェットエンブレム,2018-05-08,長倉功,05590,犬塚悠治郎,浜本牧場,日高町,000a000f89,Native Dancer,5
2018100886,ジェットエンブレム,2018-05-08,長倉功,05590,犬塚悠治郎,浜本牧場,日高町,000a007984,Raise You,5
2018100886,ジェットエンブレム,2018-05-08,長倉功,05590,犬塚悠治郎,浜本牧場,日高町,000a007e0c,Gold Digger,4
2018100886,ジェットエンブレム,2018-05-08,長倉功,05590,犬塚悠治郎,浜本牧場,日高町,000a000f87,Nashua,5
2018100886,ジェットエンブレム,2018-05-08,長倉功,05590,犬塚悠治郎,浜本牧場,日高町,000a007d1c,Sequence,5
2018100886,ジェットエンブレム,2018-05-08,長倉功,05590,犬塚悠治郎,浜本牧場,日高町,000a00ae71,Frankova,3
2018100886,ジェットエンブレム,2018-05-08,長倉功,05590,犬塚悠治郎,浜本牧場,日高町,000a001676,Nureyev,4
2018100886,ジェットエンブレム,2018-05-08,長倉功,05590,犬塚悠治郎,浜本牧場,日高町,000a0081e9,Special,5
2018100886,ジェットエンブレム,2018-05-08,長倉功,05590,犬塚悠治郎,浜本牧場,日高町,000a008d39,Secret Asset,4
2018100886,ジェットエンブレム,2018-05-08,長倉功,05590,犬塚悠治郎,浜本牧場,日高町,000a001220,Graustark,5
2018100886,ジェットエンブレム,2018-05-08,長倉功,05590,犬塚悠治郎,浜本牧場,日高町,000a008785,Numbered Account,5
2019103996,タイキエクセロン,2019-04-12,西園正都,01028,大樹ファーム,ビクトリーホースランチ,浦河町,000a013bba,アメリカンペイトリオット,1
2019103996,タイキエクセロン,2019-04-12,西園正都,01028,大樹ファーム,ビクトリーホースランチ,浦河町,000a011d00,War Front,2
2019103996,タイキエクセロン,2019-04-12,西園正都,01028,大樹ファーム,ビクトリーホースランチ,浦河町,000a0000d3,Danzig,3
2019103996,タイキエクセロン,2019-04-12,西園正都,01028,大樹ファーム,ビクトリーホースランチ,浦河町,000a000e04,Northern Dancer,4
2019103996,タイキエクセロン,2019-04-12,西園正都,01028,大樹ファーム,ビクトリーホースランチ,浦河町,000a000f8c,Nearctic,5
2019103996,タイキエクセロン,2019-04-12,西園正都,01028,大樹ファーム,ビクトリーホースランチ,浦河町,000a00702e,Natalma,5
2019103996,タイキエクセロン,2019-04-12,西園正都,01028,大樹ファーム,ビクトリーホースランチ,浦河町,000a000491,Pas de Nom,4
2019103996,タイキエクセロン,2019-04-12,西園正都,01028,大樹ファーム,ビクトリーホースランチ,浦河町,000a000e55,Admiral's Voyage,5
2019103996,タイキエクセロン,2019-04-12,西園正都,01028,大樹ファーム,ビクトリーホースランチ,浦河町,000a006f25,Petitioner,5
2019103996,タイキエクセロン,2019-04-12,西園正都,01028,大樹ファーム,ビクトリーホースランチ,浦河町,000a011d2f,Starry Dreamer,3
2019103996,タイキエクセロン,2019-04-12,西園正都,01028,大樹ファーム,ビクトリーホースランチ,浦河町,000a001d84,Rubiano,4
2019103996,タイキエクセロン,2019-04-12,西園正都,01028,大樹ファーム,ビクトリーホースランチ,浦河町,000a001702,Fappiano,5
2019103996,タイキエクセロン,2019-04-12,西園正都,01028,大樹ファーム,ビクトリーホースランチ,浦河町,000a009866,Ruby Slippers,5
2019103996,タイキエクセロン,2019-04-12,西園正都,01028,大樹ファーム,ビクトリーホースランチ,浦河町,000a00b2c4,Lara's Star,4
2019103996,タイキエクセロン,2019-04-12,西園正都,01028,大樹ファーム,ビクトリーホースランチ,浦河町,000a000f12,Forli,5
2019103996,タイキエクセロン,2019-04-12,西園正都,01028,大樹ファーム,ビクトリーホースランチ,浦河町,000a00b2c5,True Reality,5
2019103996,タイキエクセロン,2019-04-12,西園正都,01028,大樹ファーム,ビクトリーホースランチ,浦河町,000a013bb9,Life Well Lived,2
2019103996,タイキエクセロン,2019-04-12,西園正都,01028,大樹ファーム,ビクトリーホースランチ,浦河町,000a00fa4b,Tiznow,3
2019103996,タイキエクセロン,2019-04-12,西園正都,01028,大樹ファーム,ビクトリーホースランチ,浦河町,000a00fa4c,Cee's Tizzy,4
2019103996,タイキエクセロン,2019-04-12,西園正都,01028,大樹ファーム,ビクトリーホースランチ,浦河町,000a001b45,Relaunch,5
2019103996,タイキエクセロン,2019-04-12,西園正都,01028,大樹ファーム,ビクトリーホースランチ,浦河町,000a000364,テイズリー,5
2019103996,タイキエクセロン,2019-04-12,西園正都,01028,大樹ファーム,ビクトリーホースランチ,浦河町,000a00faed,Cee's Song,4
2019103996,タイキエクセロン,2019-04-12,西園正都,01028,大樹ファーム,ビクトリーホースランチ,浦河町,000a0017e6,Seattle Song,5
2019103996,タイキエクセロン,2019-04-12,西園正都,01028,大樹ファーム,ビクトリーホースランチ,浦河町,000a00faee,Lonely Dancer,5
2019103996,タイキエクセロン,2019-04-12,西園正都,01028,大樹ファーム,ビクトリーホースランチ,浦河町,000a01383d,Well Dressed,3
2019103996,タイキエクセロン,2019-04-12,西園正都,01028,大樹ファーム,ビクトリーホースランチ,浦河町,000a010651,Notebook,4
2019103996,タイキエクセロン,2019-04-12,西園正都,01028,大樹ファーム,ビクトリーホースランチ,浦河町,000a001b47,Well Decorated,5
2019103996,タイキエクセロン,2019-04-12,西園正都,01028,大樹ファーム,ビクトリーホースランチ,浦河町,000a00a3b4,Mobcap,5
2019103996,タイキエクセロン,2019-04-12,西園正都,01028,大樹ファーム,ビクトリーホースランチ,浦河町,000a01383c,Trithenia,4
2019103996,タイキエクセロン,2019-04-12,西園正都,01028,大樹ファーム,ビクトリーホースランチ,浦河町,000a001e72,Gold Meridian,5
2019103996,タイキエクセロン,2019-04-12,西園正都,01028,大樹ファーム,ビクトリーホースランチ,浦河町,000a00b2b7,Tri Argo,5
2019103996,タイキエクセロン,2019-04-12,西園正都,01028,大樹ファーム,ビクトリーホースランチ,浦河町,2011100519,グッドイヴニング,1
2019103996,タイキエクセロン,2019-04-12,西園正都,01028,大樹ファーム,ビクトリーホースランチ,浦河町,000a011625,コマンズ,2
2019103996,タイキエクセロン,2019-04-12,西園正都,01028,大樹ファーム,ビクトリーホースランチ,浦河町,000a0000d1,デインヒル,3
2019103996,タイキエクセロン,2019-04-12,西園正都,01028,大樹ファーム,ビクトリーホースランチ,浦河町,000a009233,Razyana,4
2019103996,タイキエクセロン,2019-04-12,西園正都,01028,大樹ファーム,ビクトリーホースランチ,浦河町,000a000628,His Majesty,5
2019103996,タイキエクセロン,2019-04-12,西園正都,01028,大樹ファーム,ビクトリーホースランチ,浦河町,000a00922b,Spring Adieu,5
2019103996,タイキエクセロン,2019-04-12,西園正都,01028,大樹ファーム,ビクトリーホースランチ,浦河町,000a00fcbb,Cotehele House,3
2019103996,タイキエクセロン,2019-04-12,西園正都,01028,大樹ファーム,ビクトリーホースランチ,浦河町,000a0010e8,My Swanee,4
2019103996,タイキエクセロン,2019-04-12,西園正都,01028,大樹ファーム,ビクトリーホースランチ,浦河町,000a000fb3,Petition,5
2019103996,タイキエクセロン,2019-04-12,西園正都,01028,大樹ファーム,ビクトリーホースランチ,浦河町,000a00763a,Grey Rhythm,5
2019103996,タイキエクセロン,2019-04-12,西園正都,01028,大樹ファーム,ビクトリーホースランチ,浦河町,000a0093a8,Eight Carat,4
2019103996,タイキエクセロン,2019-04-12,西園正都,01028,大樹ファーム,ビクトリーホースランチ,浦河町,000a000fb6,Pieces of Eight,5
2019103996,タイキエクセロン,2019-04-12,西園正都,01028,大樹ファーム,ビクトリーホースランチ,浦河町,000a0093a7,Klairessa,5
2019103996,タイキエクセロン,2019-04-12,西園正都,01028,大樹ファーム,ビクトリーホースランチ,浦河町,000a0114a9,イブニングアフェア,2
2019103996,タイキエクセロン,2019-04-12,西園正都,01028,大樹ファーム,ビクトリーホースランチ,浦河町,000a001d7e,Kingmambo,3
2019103996,タイキエクセロン,2019-04-12,西園正都,01028,大樹ファーム,ビクトリーホースランチ,浦河町,000a001607,Mr. Prospector,4
2019103996,タイキエクセロン,2019-04-12,西園正都,01028,大樹ファーム,ビクトリーホースランチ,浦河町,000a000e46,Raise a Native,5
2019103996,タイキエクセロン,2019-04-12,西園正都,01028,大樹ファーム,ビクトリーホースランチ,浦河町,000a007e0c,Gold Digger,5
2019103996,タイキエクセロン,2019-04-12,西園正都,01028,大樹ファーム,ビクトリーホースランチ,浦河町,000a009961,Miesque,4
2019103996,タイキエクセロン,2019-04-12,西園正都,01028,大樹ファーム,ビクトリーホースランチ,浦河町,000a001676,Nureyev,5
2019103996,タイキエクセロン,2019-04-12,西園正都,01028,大樹ファーム,ビクトリーホースランチ,浦河町,000a0084c9,Pasadoble,5
2019103996,タイキエクセロン,2019-04-12,西園正都,01028,大樹ファーム,ビクトリーホースランチ,浦河町,000a010016,Neptune's Bride,3
2019103996,タイキエクセロン,2019-04-12,西園正都,01028,大樹ファーム,ビクトリーホースランチ,浦河町,000a001bd5,Bering,4
2019103996,タイキエクセロン,2019-04-12,西園正都,01028,大樹ファーム,ビクトリーホースランチ,浦河町,000a001679,Arctic Tern,5
2019103996,タイキエクセロン,2019-04-12,西園正都,01028,大樹ファーム,ビクトリーホースランチ,浦河町,000a0081c9,Beaune,5
2019103996,タイキエクセロン,2019-04-12,西園正都,01028,大樹ファーム,ビクトリーホースランチ,浦河町,000a010015,Wedding of the Sea,4
2019103996,タイキエクセロン,2019-04-12,西園正都,01028,大樹ファーム,ビクトリーホースランチ,浦河町,000a001340,Blushing Groom,5
2019103996,タイキエクセロン,2019-04-12,西園正都,01028,大樹ファーム,ビクトリーホースランチ,浦河町,000a010014,Sweet Mover,5
2019105420,シウン,2019-02-08,矢野英一,01108,Ｇリビエール・レーシング,ノーザンファーム,安平町,2011100655,モーリス,1
2019105420,シウン,2019-02-08,矢野英一,01108,Ｇリビエール・レーシング,ノーザンファーム,安平町,2004103328,スクリーンヒーロー,2
2019105420,シウン,2019-02-08,矢野英一,01108,Ｇリビエール・レーシング,ノーザンファーム,安平町,1995108676,グラスワンダー,3
2019105420,シウン,2019-02-08,矢野英一,01108,Ｇリビエール・レーシング,ノーザンファーム,安平町,000a0019b4,Silver Hawk,4
2019105420,シウン,2019-02-08,矢野英一,01108,Ｇリビエール・レーシング,ノーザンファーム,安平町,000a0012cb,Roberto,5
2019105420,シウン,2019-02-08,矢野英一,01108,Ｇリビエール・レーシング,ノーザンファーム,安平町,000a008c0e,Gris Vitesse,5
2019105420,シウン,2019-02-08,矢野英一,01108,Ｇリビエール・レーシング,ノーザンファーム,安平町,000a00a4b9,Ameriflora,4
2019105420,シウン,2019-02-08,矢野英一,01108,Ｇリビエール・レーシング,ノーザンファーム,安平町,000a0000d3,Danzig,5
2019105420,シウン,2019-02-08,矢野英一,01108,Ｇリビエール・レーシング,ノーザンファーム,安平町,000a00a4b8,Graceful Touch,5
2019105420,シウン,2019-02-08,矢野英一,01108,Ｇリビエール・レーシング,ノーザンファーム,安平町,1993109144,ランニングヒロイン,3
2019105420,シウン,2019-02-08,矢野英一,01108,Ｇリビエール・レーシング,ノーザンファーム,安平町,000a00033a,サンデーサイレンス,4
2019105420,シウン,2019-02-08,矢野英一,01108,Ｇリビエール・レーシング,ノーザンファーム,安平町,000a0012bf,Halo,5
2019105420,シウン,2019-02-08,矢野英一,01108,Ｇリビエール・レーシング,ノーザンファーム,安平町,000a008c1e,Wishing Well,5
2019105420,シウン,2019-02-08,矢野英一,01108,Ｇリビエール・レーシング,ノーザンファーム,安平町,1983104087,ダイナアクトレス,4
2019105420,シウン,2019-02-08,矢野英一,01108,Ｇリビエール・レーシング,ノーザンファーム,安平町,000a000258,ノーザンテースト,5
2019105420,シウン,2019-02-08,矢野英一,01108,Ｇリビエール・レーシング,ノーザンファーム,安平町,1955107040,モデルスポート,5
2019105420,シウン,2019-02-08,矢野英一,01108,Ｇリビエール・レーシング,ノーザンファーム,安平町,2001102948,メジロフランシス,2
2019105420,シウン,2019-02-08,矢野英一,01108,Ｇリビエール・レーシング,ノーザンファーム,安平町,000a000093,カーネギー,3
2019105420,シウン,2019-02-08,矢野英一,01108,Ｇリビエール・レーシング,ノーザンファーム,安平町,000a00185d,Sadler's Wells,4
2019105420,シウン,2019-02-08,矢野英一,01108,Ｇリビエール・レーシング,ノーザンファーム,安平町,000a000e04,Northern Dancer,5
2019105420,シウン,2019-02-08,矢野英一,01108,Ｇリビエール・レーシング,ノーザンファーム,安平町,000a008892,Fairy Bridge,5
2019105420,シウン,2019-02-08,矢野英一,01108,Ｇリビエール・レーシング,ノーザンファーム,安平町,000a009b86,Detroit,4
2019105420,シウン,2019-02-08,矢野英一,01108,Ｇリビエール・レーシング,ノーザンファーム,安平町,000a0014ce,Riverman,5
2019105420,シウン,2019-02-08,矢野英一,01108,Ｇリビエール・レーシング,ノーザンファーム,安平町,000a008f6d,Derna,5
2019105420,シウン,2019-02-08,矢野英一,01108,Ｇリビエール・レーシング,ノーザンファーム,安平町,1986106826,メジロモントレー,3
2019105420,シウン,2019-02-08,矢野英一,01108,Ｇリビエール・レーシング,ノーザンファーム,安平町,000a00022a,モガミ,4
2019105420,シウン,2019-02-08,矢野英一,01108,Ｇリビエール・レーシング,ノーザンファーム,安平町,000a001205,Lyphard,5
2019105420,シウン,2019-02-08,矢野英一,01108,Ｇリビエール・レーシング,ノーザンファーム,安平町,000a000250,ノーラック,5
2019105420,シウン,2019-02-08,矢野英一,01108,Ｇリビエール・レーシング,ノーザンファーム,安平町,1981100762,メジロクインシー,4
2019105420,シウン,2019-02-08,矢野英一,01108,Ｇリビエール・レーシング,ノーザンファーム,安平町,000a000419,フィディオン,5
2019105420,シウン,2019-02-08,矢野英一,01108,Ｇリビエール・レーシング,ノーザンファーム,安平町,1963101387,メジロボサツ,5
2019105420,シウン,2019-02-08,矢野英一,01108,Ｇリビエール・レーシング,ノーザンファーム,安平町,000a011df9,ベルワトリング,1
2019105420,シウン,2019-02-08,矢野英一,01108,Ｇリビエール・レーシング,ノーザンファーム,安平町,000a011d8d,Dushyantor,2
2019105420,シウン,2019-02-08,矢野英一,01108,Ｇリビエール・レーシング,ノーザンファーム,安平町,000a000f8c,Nearctic,5
2019105420,シウン,2019-02-08,矢野英一,01108,Ｇリビエール・レーシング,ノーザンファーム,安平町,000a00702e,Natalma,5
2019105420,シウン,2019-02-08,矢野英一,01108,Ｇリビエール・レーシング,ノーザンファーム,安平町,000a001183,Bold Reason,5
2019105420,シウン,2019-02-08,矢野英一,01108,Ｇリビエール・レーシング,ノーザンファーム,安平町,000a0081e9,Special,5
2019105420,シウン,2019-02-08,矢野英一,01108,Ｇリビエール・レーシング,ノーザンファーム,安平町,000a009614,Slightly Dangerous,3
2019105420,シウン,2019-02-08,矢野英一,01108,Ｇリビエール・レーシング,ノーザンファーム,安平町,000a000f2b,Hail to Reason,5
2019105420,シウン,2019-02-08,矢野英一,01108,Ｇリビエール・レーシング,ノーザンファーム,安平町,000a007c38,Bramalea,5
2019105420,シウン,2019-02-08,矢野英一,01108,Ｇリビエール・レーシング,ノーザンファーム,安平町,000a008c57,Where You Lead,4
2019105420,シウン,2019-02-08,矢野英一,01108,Ｇリビエール・レーシング,ノーザンファーム,安平町,000a000e46,Raise a Native,5
2019105420,シウン,2019-02-08,矢野英一,01108,Ｇリビエール・レーシング,ノーザンファーム,安平町,000a006c18,Noblesse,5
2019105420,シウン,2019-02-08,矢野英一,01108,Ｇリビエール・レーシング,ノーザンファーム,安平町,000a011da4,Biala,2
2019105420,シウン,2019-02-08,矢野英一,01108,Ｇリビエール・レーシング,ノーザンファーム,安平町,000a011d8e,The Great Shark,3
2019105420,シウン,2019-02-08,矢野英一,01108,Ｇリビエール・レーシング,ノーザンファーム,安平町,000a0016d4,Storm Bird,4
2019105420,シウン,2019-02-08,矢野英一,01108,Ｇリビエール・レーシング,ノーザンファーム,安平町,000a00834c,South Ocean,5
2019105420,シウン,2019-02-08,矢野英一,01108,Ｇリビエール・レーシング,ノーザンファーム,安平町,000a00a1fc,Hot Gossip,4
2019105420,シウン,2019-02-08,矢野英一,01108,Ｇリビエール・レーシング,ノーザンファーム,安平町,000a0012a0,Correspondent,5
2019105420,シウン,2019-02-08,矢野英一,01108,Ｇリビエール・レーシング,ノーザンファーム,安平町,000a007a8a,Spotted Beauty,5
2019105420,シウン,2019-02-08,矢野英一,01108,Ｇリビエール・レーシング,ノーザンファーム,安平町,000a011da3,Damasquera,3
2019105420,シウン,2019-02-08,矢野英一,01108,Ｇリビエール・レーシング,ノーザンファーム,安平町,000a011d90,Domineau,4
2019105420,シウン,2019-02-08,矢野英一,01108,Ｇリビエール・レーシング,ノーザンファーム,安平町,000a000e03,Never Bend,5
2019105420,シウン,2019-02-08,矢野英一,01108,Ｇリビエール・レーシング,ノーザンファーム,安平町,000a011d9d,Pop's Pick,5
2019105420,シウン,2019-02-08,矢野英一,01108,Ｇリビエール・レーシング,ノーザンファーム,安平町,000a011da2,Discografia,4
2019105420,シウン,2019-02-08,矢野英一,01108,Ｇリビエール・レーシング,ノーザンファーム,安平町,000a011d91,Damascus Silver,5
2019105420,シウン,2019-02-08,矢野英一,01108,Ｇリビエール・レーシング,ノーザンファーム,安平町,000a011da1,Secuestrada,5
2019105519,グリューヴルム,2019-03-15,内田勝義,05302,キャロットファーム,ノーザンファーム,安平町,2010105827,キズナ,1
2019105519,グリューヴルム,2019-03-15,内田勝義,05302,キャロットファーム,ノーザンファーム,安平町,2002100816,ディープインパクト,2
2019105519,グリューヴルム,2019-03-15,内田勝義,05302,キャロットファーム,ノーザンファーム,安平町,000a00033a,サンデーサイレンス,3
2019105519,グリューヴルム,2019-03-15,内田勝義,05302,キャロットファーム,ノーザンファーム,安平町,000a0012bf,Halo,4
2019105519,グリューヴルム,2019-03-15,内田勝義,05302,キャロットファーム,ノーザンファーム,安平町,000a000f2b,Hail to Reason,5
2019105519,グリューヴルム,2019-03-15,内田勝義,05302,キャロットファーム,ノーザンファーム,安平町,000a007459,Cosmah,5
2019105519,グリューヴルム,2019-03-15,内田勝義,05302,キャロットファーム,ノーザンファーム,安平町,000a008c1e,Wishing Well,4
2019105519,グリューヴルム,2019-03-15,内田勝義,05302,キャロットファーム,ノーザンファーム,安平町,000a0019b6,Understanding,5
2019105519,グリューヴルム,2019-03-15,内田勝義,05302,キャロットファーム,ノーザンファーム,安平町,000a008c1d,Mountain Flower,5
2019105519,グリューヴルム,2019-03-15,内田勝義,05302,キャロットファーム,ノーザンファーム,安平町,000a0003a2,ウインドインハーヘア,3
2019105519,グリューヴルム,2019-03-15,内田勝義,05302,キャロットファーム,ノーザンファーム,安平町,000a001cb4,Alzao,4
2019105519,グリューヴルム,2019-03-15,内田勝義,05302,キャロットファーム,ノーザンファーム,安平町,000a001205,Lyphard,5
2019105519,グリューヴルム,2019-03-15,内田勝義,05302,キャロットファーム,ノーザンファーム,安平町,000a009170,Lady Rebecca,5
2019105519,グリューヴルム,2019-03-15,内田勝義,05302,キャロットファーム,ノーザンファーム,安平町,000a00922c,Burghclere,4
2019105519,グリューヴルム,2019-03-15,内田勝義,05302,キャロットファーム,ノーザンファーム,安平町,000a000e0d,Busted,5
2019105519,グリューヴルム,2019-03-15,内田勝義,05302,キャロットファーム,ノーザンファーム,安平町,000a008341,Highclere,5
2019105519,グリューヴルム,2019-03-15,内田勝義,05302,キャロットファーム,ノーザンファーム,安平町,000a00646f,キャットクイル,2
2019105519,グリューヴルム,2019-03-15,内田勝義,05302,キャロットファーム,ノーザンファーム,安平町,000a001a98,Storm Cat,3
2019105519,グリューヴルム,2019-03-15,内田勝義,05302,キャロットファーム,ノーザンファーム,安平町,000a0016d4,Storm Bird,4
2019105519,グリューヴルム,2019-03-15,内田勝義,05302,キャロットファーム,ノーザンファーム,安平町,000a000e04,Northern Dancer,5
2019105519,グリューヴルム,2019-03-15,内田勝義,05302,キャロットファーム,ノーザンファーム,安平町,000a00834c,South Ocean,5
2019105519,グリューヴルム,2019-03-15,内田勝義,05302,キャロットファーム,ノーザンファーム,安平町,000a008e05,Terlingua,4
2019105519,グリューヴルム,2019-03-15,内田勝義,05302,キャロットファーム,ノーザンファーム,安平町,000a000ded,Secretariat,5
2019105519,グリューヴルム,2019-03-15,内田勝義,05302,キャロットファーム,ノーザンファーム,安平町,000a008e04,Crimson Saint,5
2019105519,グリューヴルム,2019-03-15,内田勝義,05302,キャロットファーム,ノーザンファーム,安平町,000a008ea8,Pacific Princess,3
2019105519,グリューヴルム,2019-03-15,内田勝義,05302,キャロットファーム,ノーザンファーム,安平町,000a0010a8,Damascus,4
2019105519,グリューヴルム,2019-03-15,内田勝義,05302,キャロットファーム,ノーザンファーム,安平町,000a001018,Sword Dancer,5
2019105519,グリューヴルム,2019-03-15,内田勝義,05302,キャロットファーム,ノーザンファーム,安平町,000a0076ea,Kerala,5
2019105519,グリューヴルム,2019-03-15,内田勝義,05302,キャロットファーム,ノーザンファーム,安平町,000a008ea7,Fiji,4
2019105519,グリューヴルム,2019-03-15,内田勝義,05302,キャロットファーム,ノーザンファーム,安平町,000a000e53,Acropolis,5
2019105519,グリューヴルム,2019-03-15,内田勝義,05302,キャロットファーム,ノーザンファーム,安平町,000a008ea6,Rififi,5
2019105519,グリューヴルム,2019-03-15,内田勝義,05302,キャロットファーム,ノーザンファーム,安平町,2006103365,リュシオル,1
2019105519,グリューヴルム,2019-03-15,内田勝義,05302,キャロットファーム,ノーザンファーム,安平町,1998110135,クロフネ,2
2019105519,グリューヴルム,2019-03-15,内田勝義,05302,キャロットファーム,ノーザンファーム,安平町,000a00013a,フレンチデピュティ,3
2019105519,グリューヴルム,2019-03-15,内田勝義,05302,キャロットファーム,ノーザンファーム,安平町,000a001849,Deputy Minister,4
2019105519,グリューヴルム,2019-03-15,内田勝義,05302,キャロットファーム,ノーザンファーム,安平町,000a0007e5,Vice Regent,5
2019105519,グリューヴルム,2019-03-15,内田勝義,05302,キャロットファーム,ノーザンファーム,安平町,000a00884d,Mint Copy,5
2019105519,グリューヴルム,2019-03-15,内田勝義,05302,キャロットファーム,ノーザンファーム,安平町,000a00a946,Mitterand,4
2019105519,グリューヴルム,2019-03-15,内田勝義,05302,キャロットファーム,ノーザンファーム,安平町,000a00184d,Hold Your Peace,5
2019105519,グリューヴルム,2019-03-15,内田勝義,05302,キャロットファーム,ノーザンファーム,安平町,000a00a945,Laredo Lass,5
2019105519,グリューヴルム,2019-03-15,内田勝義,05302,キャロットファーム,ノーザンファーム,安平町,000a000071,ブルーアヴェニュー,3
2019105519,グリューヴルム,2019-03-15,内田勝義,05302,キャロットファーム,ノーザンファーム,安平町,000a0021eb,Classic Go Go,4
2019105519,グリューヴルム,2019-03-15,内田勝義,05302,キャロットファーム,ノーザンファーム,安平町,000a000fa5,Pago Pago,5
2019105519,グリューヴルム,2019-03-15,内田勝義,05302,キャロットファーム,ノーザンファーム,安平町,000a009539,Classic Perfection,5
2019105519,グリューヴルム,2019-03-15,内田勝義,05302,キャロットファーム,ノーザンファーム,安平町,000a00a3ba,Eliza Blue,4
2019105519,グリューヴルム,2019-03-15,内田勝義,05302,キャロットファーム,ノーザンファーム,安平町,000a0010fb,Icecapade,5
2019105519,グリューヴルム,2019-03-15,内田勝義,05302,キャロットファーム,ノーザンファーム,安平町,000a0000b4,コレラ,5
2019105519,グリューヴルム,2019-03-15,内田勝義,05302,キャロットファーム,ノーザンファーム,安平町,000a00654d,ホワットケイティーディド,2
2019105519,グリューヴルム,2019-03-15,内田勝義,05302,キャロットファーム,ノーザンファーム,安平町,000a001676,Nureyev,3
2019105519,グリューヴルム,2019-03-15,内田勝義,05302,キャロットファーム,ノーザンファーム,安平町,000a000f8c,Nearctic,5
2019105519,グリューヴルム,2019-03-15,内田勝義,05302,キャロットファーム,ノーザンファーム,安平町,000a00702e,Natalma,5
2019105519,グリューヴルム,2019-03-15,内田勝義,05302,キャロットファーム,ノーザンファーム,安平町,000a0081e9,Special,4
2019105519,グリューヴルム,2019-03-15,内田勝義,05302,キャロットファーム,ノーザンファーム,安平町,000a000f12,Forli,5
2019105519,グリューヴルム,2019-03-15,内田勝義,05302,キャロットファーム,ノーザンファーム,安平町,000a007e3f,Thong,5
2019105519,グリューヴルム,2019-03-15,内田勝義,05302,キャロットファーム,ノーザンファーム,安平町,000a009322,Katies,3
2019105519,グリューヴルム,2019-03-15,内田勝義,05302,キャロットファーム,ノーザンファーム,安平町,000a000253,ノノアルコ,4
2019105519,グリューヴルム,2019-03-15,内田勝義,05302,キャロットファーム,ノーザンファーム,安平町,000a0071e4,Seximee,5
2019105519,グリューヴルム,2019-03-15,内田勝義,05302,キャロットファーム,ノーザンファーム,安平町,000a009321,Mortefontaine,4
2019105519,グリューヴルム,2019-03-15,内田勝義,05302,キャロットファーム,ノーザンファーム,安平町,000a000286,ポリック,5
2019105519,グリューヴルム,2019-03-15,内田勝義,05302,キャロットファーム,ノーザンファーム,安平町,000a009320,Brabantia,5
2020100417,セイウンデイスター,2020-04-28,市村誠,05773,和氣竜彦,前田ファーム,新ひだか町,2009106230,カレンブラックヒル,1
2020100417,セイウンデイスター,2020-04-28,市村誠,05773,和氣竜彦,前田ファーム,新ひだか町,2001103114,ダイワメジャー,2
2020100417,セイウンデイスター,2020-04-28,市村誠,05773,和氣竜彦,前田ファーム,新ひだか町,000a00033a,サンデーサイレンス,3
2020100417,セイウンデイスター,2020-04-28,市村誠,05773,和氣竜彦,前田ファーム,新ひだか町,000a0012bf,Halo,4
2020100417,セイウンデイスター,2020-04-28,市村誠,05773,和氣竜彦,前田ファーム,新ひだか町,000a000f2b,Hail to Reason,5
2020100417,セイウンデイスター,2020-04-28,市村誠,05773,和氣竜彦,前田ファーム,新ひだか町,000a007459,Cosmah,5
2020100417,セイウンデイスター,2020-04-28,市村誠,05773,和氣竜彦,前田ファーム,新ひだか町,000a008c1e,Wishing Well,4
2020100417,セイウンデイスター,2020-04-28,市村誠,05773,和氣竜彦,前田ファーム,新ひだか町,000a0019b6,Understanding,5
2020100417,セイウンデイスター,2020-04-28,市村誠,05773,和氣竜彦,前田ファーム,新ひだか町,000a008c1d,Mountain Flower,5
2020100417,セイウンデイスター,2020-04-28,市村誠,05773,和氣竜彦,前田ファーム,新ひだか町,1988107320,スカーレットブーケ,3
2020100417,セイウンデイスター,2020-04-28,市村誠,05773,和氣竜彦,前田ファーム,新ひだか町,000a000258,ノーザンテースト,4
2020100417,セイウンデイスター,2020-04-28,市村誠,05773,和氣竜彦,前田ファーム,新ひだか町,000a000e04,Northern Dancer,5
2020100417,セイウンデイスター,2020-04-28,市村誠,05773,和氣竜彦,前田ファーム,新ひだか町,000a007055,Lady Victoria,5
2020100417,セイウンデイスター,2020-04-28,市村誠,05773,和氣竜彦,前田ファーム,新ひだか町,000a000768,スカーレットインク,4
2020100417,セイウンデイスター,2020-04-28,市村誠,05773,和氣竜彦,前田ファーム,新ひだか町,000a000dd2,Crimson Satan,5
2020100417,セイウンデイスター,2020-04-28,市村誠,05773,和氣竜彦,前田ファーム,新ひだか町,000a0069d4,Consentida,5
2020100417,セイウンデイスター,2020-04-28,市村誠,05773,和氣竜彦,前田ファーム,新ひだか町,000a00fe53,チャールストンハーバー,2
2020100417,セイウンデイスター,2020-04-28,市村誠,05773,和氣竜彦,前田ファーム,新ひだか町,000a002130,Grindstone,3
2020100417,セイウンデイスター,2020-04-28,市村誠,05773,和氣竜彦,前田ファーム,新ひだか町,000a001cd0,Unbridled,4
2020100417,セイウンデイスター,2020-04-28,市村誠,05773,和氣竜彦,前田ファーム,新ひだか町,000a001702,Fappiano,5
2020100417,セイウンデイスター,2020-04-28,市村誠,05773,和氣竜彦,前田ファーム,新ひだか町,000a00902d,Gana Facil,5
2020100417,セイウンデイスター,2020-04-28,市村誠,05773,和氣竜彦,前田ファーム,新ひだか町,000a00a2f3,Buzz My Bell,4
2020100417,セイウンデイスター,2020-04-28,市村誠,05773,和氣竜彦,前田ファーム,新ひだか町,000a001668,Drone,5
2020100417,セイウンデイスター,2020-04-28,市村誠,05773,和氣竜彦,前田ファーム,新ひだか町,000a00a2f2,Chateaupavia,5
2020100417,セイウンデイスター,2020-04-28,市村誠,05773,和氣竜彦,前田ファーム,新ひだか町,000a00fe21,Penny's Valentine,3
2020100417,セイウンデイスター,2020-04-28,市村誠,05773,和氣竜彦,前田ファーム,新ひだか町,000a001a98,Storm Cat,4
2020100417,セイウンデイスター,2020-04-28,市村誠,05773,和氣竜彦,前田ファーム,新ひだか町,000a0016d4,Storm Bird,5
2020100417,セイウンデイスター,2020-04-28,市村誠,05773,和氣竜彦,前田ファーム,新ひだか町,000a008e05,Terlingua,5
2020100417,セイウンデイスター,2020-04-28,市村誠,05773,和氣竜彦,前田ファーム,新ひだか町,000a008c6b,Mrs. Penny,4
2020100417,セイウンデイスター,2020-04-28,市村誠,05773,和氣竜彦,前田ファーム,新ひだか町,000a0010ae,Great Nephew,5
2020100417,セイウンデイスター,2020-04-28,市村誠,05773,和氣竜彦,前田ファーム,新ひだか町,000a008c6a,Tananarive,5
2020100417,セイウンデイスター,2020-04-28,市村誠,05773,和氣竜彦,前田ファーム,新ひだか町,2014102322,ニシノキララコ,1
2020100417,セイウンデイスター,2020-04-28,市村誠,05773,和氣竜彦,前田ファーム,新ひだか町,2003102991,アドマイヤムーン,2
2020100417,セイウンデイスター,2020-04-28,市村誠,05773,和氣竜彦,前田ファーム,新ひだか町,000a00010f,エンドスウィープ,3
2020100417,セイウンデイスター,2020-04-28,市村誠,05773,和氣竜彦,前田ファーム,新ひだか町,000a000134,フォーティナイナー,4
2020100417,セイウンデイスター,2020-04-28,市村誠,05773,和氣竜彦,前田ファーム,新ひだか町,000a001607,Mr. Prospector,5
2020100417,セイウンデイスター,2020-04-28,市村誠,05773,和氣竜彦,前田ファーム,新ひだか町,000a0094a9,File,5
2020100417,セイウンデイスター,2020-04-28,市村誠,05773,和氣竜彦,前田ファーム,新ひだか町,000a00a55c,Broom Dance,4
2020100417,セイウンデイスター,2020-04-28,市村誠,05773,和氣竜彦,前田ファーム,新ひだか町,000a0012eb,Dance Spell,5
2020100417,セイウンデイスター,2020-04-28,市村誠,05773,和氣竜彦,前田ファーム,新ひだか町,000a000007,Witching Hour,5
2020100417,セイウンデイスター,2020-04-28,市村誠,05773,和氣竜彦,前田ファーム,新ひだか町,1998101750,マイケイティーズ,3
2020100417,セイウンデイスター,2020-04-28,市村誠,05773,和氣竜彦,前田ファーム,新ひだか町,000a0001b4,ケイティーズファースト,4
2020100417,セイウンデイスター,2020-04-28,市村誠,05773,和氣竜彦,前田ファーム,新ひだか町,000a001678,Kris,5
2020100417,セイウンデイスター,2020-04-28,市村誠,05773,和氣竜彦,前田ファーム,新ひだか町,000a009322,Katies,5
2020100417,セイウンデイスター,2020-04-28,市村誠,05773,和氣竜彦,前田ファーム,新ひだか町,2004110127,ピュアーフレーム,2
2020100417,セイウンデイスター,2020-04-28,市村誠,05773,和氣竜彦,前田ファーム,新ひだか町,000a001fa3,Silver Deputy,3
2020100417,セイウンデイスター,2020-04-28,市村誠,05773,和氣竜彦,前田ファーム,新ひだか町,000a001849,Deputy Minister,4
2020100417,セイウンデイスター,2020-04-28,市村誠,05773,和氣竜彦,前田ファーム,新ひだか町,000a0007e5,Vice Regent,5
2020100417,セイウンデイスター,2020-04-28,市村誠,05773,和氣竜彦,前田ファーム,新ひだか町,000a00884d,Mint Copy,5
2020100417,セイウンデイスター,2020-04-28,市村誠,05773,和氣竜彦,前田ファーム,新ひだか町,000a00a3a0,Silver Valley,4
2020100417,セイウンデイスター,2020-04-28,市村誠,05773,和氣竜彦,前田ファーム,新ひだか町,000a00a39f,Seven Valleys,5
2020100417,セイウンデイスター,2020-04-28,市村誠,05773,和氣竜彦,前田ファーム,新ひだか町,000a00fc99,Throttle,3
2020100417,セイウンデイスター,2020-04-28,市村誠,05773,和氣竜彦,前田ファーム,新ひだか町,000a001d37,A.P. Indy,4
2020100417,セイウンデイスター,2020-04-28,市村誠,05773,和氣竜彦,前田ファーム,新ひだか町,000a0015fc,Seattle Slew,5
2020100417,セイウンデイスター,2020-04-28,市村誠,05773,和氣竜彦,前田ファーム,新ひだか町,000a009821,Weekend Surprise,5
2020100417,セイウンデイスター,2020-04-28,市村誠,05773,和氣竜彦,前田ファーム,新ひだか町,000a00fc98,Magical Maiden,4
2020100417,セイウンデイスター,2020-04-28,市村誠,05773,和氣竜彦,前田ファーム,新ひだか町,000a000687,Lord Avie,5
2020100417,セイウンデイスター,2020-04-28,市村誠,05773,和氣竜彦,前田ファーム,新ひだか町,000a009f52,Gils Magic,5
2020102734,エリーズダイヤ,2020-05-07,戸田博文,01054,青芝商事,社台コーポレーション白老ファーム,白老町,2001103038,ハーツクライ,1
2020102734,エリーズダイヤ,2020-05-07,戸田博文,01054,青芝商事,社台コーポレーション白老ファーム,白老町,000a00033a,サンデーサイレンス,2
2020102734,エリーズダイヤ,2020-05-07,戸田博文,01054,青芝商事,社台コーポレーション白老ファーム,白老町,000a0012bf,Halo,3
2020102734,エリーズダイヤ,2020-05-07,戸田博文,01054,青芝商事,社台コーポレーション白老ファーム,白老町,000a000f2b,Hail to Reason,4
2020102734,エリーズダイヤ,2020-05-07,戸田博文,01054,青芝商事,社台コーポレーション白老ファーム,白老町,000a001042,Turn-to,5
2020102734,エリーズダイヤ,2020-05-07,戸田博文,01054,青芝商事,社台コーポレーション白老ファーム,白老町,000a0078a6,Nothirdchance,5
2020102734,エリーズダイヤ,2020-05-07,戸田博文,01054,青芝商事,社台コーポレーション白老ファーム,白老町,000a007459,Cosmah,4
2020102734,エリーズダイヤ,2020-05-07,戸田博文,01054,青芝商事,社台コーポレーション白老ファーム,白老町,000a0013f0,Cosmic Bomb,5
2020102734,エリーズダイヤ,2020-05-07,戸田博文,01054,青芝商事,社台コーポレーション白老ファーム,白老町,000a0072a0,Almahmoud,5
2020102734,エリーズダイヤ,2020-05-07,戸田博文,01054,青芝商事,社台コーポレーション白老ファーム,白老町,000a008c1e,Wishing Well,3
2020102734,エリーズダイヤ,2020-05-07,戸田博文,01054,青芝商事,社台コーポレーション白老ファーム,白老町,000a0019b6,Understanding,4
2020102734,エリーズダイヤ,2020-05-07,戸田博文,01054,青芝商事,社台コーポレーション白老ファーム,白老町,000a000e20,Promised Land,5
2020102734,エリーズダイヤ,2020-05-07,戸田博文,01054,青芝商事,社台コーポレーション白老ファーム,白老町,000a006c87,Pretty Ways,5
2020102734,エリーズダイヤ,2020-05-07,戸田博文,01054,青芝商事,社台コーポレーション白老ファーム,白老町,000a008c1d,Mountain Flower,4
2020102734,エリーズダイヤ,2020-05-07,戸田博文,01054,青芝商事,社台コーポレーション白老ファーム,白老町,000a0019ba,Montparnasse,5
2020102734,エリーズダイヤ,2020-05-07,戸田博文,01054,青芝商事,社台コーポレーション白老ファーム,白老町,000a008c1c,Edelweiss,5
2020102734,エリーズダイヤ,2020-05-07,戸田博文,01054,青芝商事,社台コーポレーション白老ファーム,白老町,1990104626,アイリッシュダンス,2
2020102734,エリーズダイヤ,2020-05-07,戸田博文,01054,青芝商事,社台コーポレーション白老ファーム,白老町,1983109006,トニービン,3
2020102734,エリーズダイヤ,2020-05-07,戸田博文,01054,青芝商事,社台コーポレーション白老ファーム,白老町,000a000827,カンパラ,4
2020102734,エリーズダイヤ,2020-05-07,戸田博文,01054,青芝商事,社台コーポレーション白老ファーム,白老町,000a0016c2,Kalamoun,5
2020102734,エリーズダイヤ,2020-05-07,戸田博文,01054,青芝商事,社台コーポレーション白老ファーム,白老町,000a00859a,State Pension,5
2020102734,エリーズダイヤ,2020-05-07,戸田博文,01054,青芝商事,社台コーポレーション白老ファーム,白老町,000a00859c,Severn Bridge,4
2020102734,エリーズダイヤ,2020-05-07,戸田博文,01054,青芝商事,社台コーポレーション白老ファーム,白老町,000a000e25,Hornbeam,5
2020102734,エリーズダイヤ,2020-05-07,戸田博文,01054,青芝商事,社台コーポレーション白老ファーム,白老町,000a00859b,Priddy Fair,5
2020102734,エリーズダイヤ,2020-05-07,戸田博文,01054,青芝商事,社台コーポレーション白老ファーム,白老町,000a0061b3,ビューパーダンス,3
2020102734,エリーズダイヤ,2020-05-07,戸田博文,01054,青芝商事,社台コーポレーション白老ファーム,白老町,000a001205,Lyphard,4
2020102734,エリーズダイヤ,2020-05-07,戸田博文,01054,青芝商事,社台コーポレーション白老ファーム,白老町,000a000e04,Northern Dancer,5
2020102734,エリーズダイヤ,2020-05-07,戸田博文,01054,青芝商事,社台コーポレーション白老ファーム,白老町,000a007c8d,Goofed,5
2020102734,エリーズダイヤ,2020-05-07,戸田博文,01054,青芝商事,社台コーポレーション白老ファーム,白老町,000a0082bc,My Bupers,4
2020102734,エリーズダイヤ,2020-05-07,戸田博文,01054,青芝商事,社台コーポレーション白老ファーム,白老町,000a000ea0,Bupers,5
2020102734,エリーズダイヤ,2020-05-07,戸田博文,01054,青芝商事,社台コーポレーション白老ファーム,白老町,000a0082bb,Princess Revoked,5
2020102734,エリーズダイヤ,2020-05-07,戸田博文,01054,青芝商事,社台コーポレーション白老ファーム,白老町,2005102310,ローズカットダイヤ,1
2020102734,エリーズダイヤ,2020-05-07,戸田博文,01054,青芝商事,社台コーポレーション白老ファーム,白老町,000a00013a,フレンチデピュティ,2
2020102734,エリーズダイヤ,2020-05-07,戸田博文,01054,青芝商事,社台コーポレーション白老ファーム,白老町,000a001849,Deputy Minister,3
2020102734,エリーズダイヤ,2020-05-07,戸田博文,01054,青芝商事,社台コーポレーション白老ファーム,白老町,000a0007e5,Vice Regent,4
2020102734,エリーズダイヤ,2020-05-07,戸田博文,01054,青芝商事,社台コーポレーション白老ファーム,白老町,000a007d4b,Victoria Regina,5
2020102734,エリーズダイヤ,2020-05-07,戸田博文,01054,青芝商事,社台コーポレーション白老ファーム,白老町,000a00884d,Mint Copy,4
2020102734,エリーズダイヤ,2020-05-07,戸田博文,01054,青芝商事,社台コーポレーション白老ファーム,白老町,000a001847,Bunty's Flight,5
2020102734,エリーズダイヤ,2020-05-07,戸田博文,01054,青芝商事,社台コーポレーション白老ファーム,白老町,000a00884c,Shakney,5
2020102734,エリーズダイヤ,2020-05-07,戸田博文,01054,青芝商事,社台コーポレーション白老ファーム,白老町,000a00a946,Mitterand,3
2020102734,エリーズダイヤ,2020-05-07,戸田博文,01054,青芝商事,社台コーポレーション白老ファーム,白老町,000a00184d,Hold Your Peace,4
2020102734,エリーズダイヤ,2020-05-07,戸田博文,01054,青芝商事,社台コーポレーション白老ファーム,白老町,000a00180b,Speak John,5
2020102734,エリーズダイヤ,2020-05-07,戸田博文,01054,青芝商事,社台コーポレーション白老ファーム,白老町,000a0086de,Blue Moon,5
2020102734,エリーズダイヤ,2020-05-07,戸田博文,01054,青芝商事,社台コーポレーション白老ファーム,白老町,000a00a945,Laredo Lass,4
2020102734,エリーズダイヤ,2020-05-07,戸田博文,01054,青芝商事,社台コーポレーション白老ファーム,白老町,000a000e94,Bold Ruler,5
2020102734,エリーズダイヤ,2020-05-07,戸田博文,01054,青芝商事,社台コーポレーション白老ファーム,白老町,000a009e91,Fortunate Isle,5
2020102734,エリーズダイヤ,2020-05-07,戸田博文,01054,青芝商事,社台コーポレーション白老ファーム,白老町,1996107231,ダイヤモンドジェム,2
2020102734,エリーズダイヤ,2020-05-07,戸田博文,01054,青芝商事,社台コーポレーション白老ファーム,白老町,1989109102,ドクターデヴィアス,3
2020102734,エリーズダイヤ,2020-05-07,戸田博文,01054,青芝商事,社台コーポレーション白老ファーム,白老町,000a00176c,Ahonoora,4
2020102734,エリーズダイヤ,2020-05-07,戸田博文,01054,青芝商事,社台コーポレーション白老ファーム,白老町,000a000f66,Lorenzaccio,5
2020102734,エリーズダイヤ,2020-05-07,戸田博文,01054,青芝商事,社台コーポレーション白老ファーム,白老町,000a0084c0,Helen Nichols,5
2020102734,エリーズダイヤ,2020-05-07,戸田博文,01054,青芝商事,社台コーポレーション白老ファーム,白老町,000a009560,Rose of Jericho,4
2020102734,エリーズダイヤ,2020-05-07,戸田博文,01054,青芝商事,社台コーポレーション白老ファーム,白老町,000a0012f7,Alleged,5
2020102734,エリーズダイヤ,2020-05-07,戸田博文,01054,青芝商事,社台コーポレーション白老ファーム,白老町,000a00955f,Rose Red,5
2020102734,エリーズダイヤ,2020-05-07,戸田博文,01054,青芝商事,社台コーポレーション白老ファーム,白老町,1987105586,ブリリアントカット,3
2020102734,エリーズダイヤ,2020-05-07,戸田博文,01054,青芝商事,社台コーポレーション白老ファーム,白老町,000a000258,ノーザンテースト,4
2020102734,エリーズダイヤ,2020-05-07,戸田博文,01054,青芝商事,社台コーポレーション白老ファーム,白老町,000a007055,Lady Victoria,5
2020102734,エリーズダイヤ,2020-05-07,戸田博文,01054,青芝商事,社台コーポレーション白老ファーム,白老町,000a0060dc,ジエヌインダイアモンド,4
2020102734,エリーズダイヤ,2020-05-07,戸田博文,01054,青芝商事,社台コーポレーション白老ファーム,白老町,000a000da7,Irish Ruler,5
2020102734,エリーズダイヤ,2020-05-07,戸田博文,01054,青芝商事,社台コーポレーション白老ファーム,白老町,000a0080bd,Diamonds for Dolly,5
2020103435,マヴォロンテ,2020-02-28,松永幹夫,01092,桑田牧場,ノーザンファーム,安平町,2008103552,ロードカナロア,1
2020103435,マヴォロンテ,2020-02-28,松永幹夫,01092,桑田牧場,ノーザンファーム,安平町,2001103460,キングカメハメハ,2
2020103435,マヴォロンテ,2020-02-28,松永幹夫,01092,桑田牧場,ノーザンファーム,安平町,000a001d7e,Kingmambo,3
2020103435,マヴォロンテ,2020-02-28,松永幹夫,01092,桑田牧場,ノーザンファーム,安平町,000a001607,Mr. Prospector,4
2020103435,マヴォロンテ,2020-02-28,松永幹夫,01092,桑田牧場,ノーザンファーム,安平町,000a000e46,Raise a Native,5
2020103435,マヴォロンテ,2020-02-28,松永幹夫,01092,桑田牧場,ノーザンファーム,安平町,000a007e0c,Gold Digger,5
2020103435,マヴォロンテ,2020-02-28,松永幹夫,01092,桑田牧場,ノーザンファーム,安平町,000a009961,Miesque,4
2020103435,マヴォロンテ,2020-02-28,松永幹夫,01092,桑田牧場,ノーザンファーム,安平町,000a001676,Nureyev,5
2020103435,マヴォロンテ,2020-02-28,松永幹夫,01092,桑田牧場,ノーザンファーム,安平町,000a0084c9,Pasadoble,5
2020103435,マヴォロンテ,2020-02-28,松永幹夫,01092,桑田牧場,ノーザンファーム,安平町,000a00680e,マンファス,3
2020103435,マヴォロンテ,2020-02-28,松永幹夫,01092,桑田牧場,ノーザンファーム,安平町,000a0001d6,ラストタイクーン,4
2020103435,マヴォロンテ,2020-02-28,松永幹夫,01092,桑田牧場,ノーザンファーム,安平町,000a000378,トライマイベスト,5
2020103435,マヴォロンテ,2020-02-28,松永幹夫,01092,桑田牧場,ノーザンファーム,安平町,000a009241,Mill Princess,5
2020103435,マヴォロンテ,2020-02-28,松永幹夫,01092,桑田牧場,ノーザンファーム,安平町,000a00b1e0,Pilot Bird,4
2020103435,マヴォロンテ,2020-02-28,松永幹夫,01092,桑田牧場,ノーザンファーム,安平町,000a000e1d,Blakeney,5
2020103435,マヴォロンテ,2020-02-28,松永幹夫,01092,桑田牧場,ノーザンファーム,安平町,000a009608,The Dancer,5
2020103435,マヴォロンテ,2020-02-28,松永幹夫,01092,桑田牧場,ノーザンファーム,安平町,1996107173,レディブラッサム,2
2020103435,マヴォロンテ,2020-02-28,松永幹夫,01092,桑田牧場,ノーザンファーム,安平町,000a001a98,Storm Cat,3
2020103435,マヴォロンテ,2020-02-28,松永幹夫,01092,桑田牧場,ノーザンファーム,安平町,000a0016d4,Storm Bird,4
2020103435,マヴォロンテ,2020-02-28,松永幹夫,01092,桑田牧場,ノーザンファーム,安平町,000a000e04,Northern Dancer,5
2020103435,マヴォロンテ,2020-02-28,松永幹夫,01092,桑田牧場,ノーザンファーム,安平町,000a00834c,South Ocean,5
2020103435,マヴォロンテ,2020-02-28,松永幹夫,01092,桑田牧場,ノーザンファーム,安平町,000a008e05,Terlingua,4
2020103435,マヴォロンテ,2020-02-28,松永幹夫,01092,桑田牧場,ノーザンファーム,安平町,000a000ded,Secretariat,5
2020103435,マヴォロンテ,2020-02-28,松永幹夫,01092,桑田牧場,ノーザンファーム,安平町,000a008e04,Crimson Saint,5
2020103435,マヴォロンテ,2020-02-28,松永幹夫,01092,桑田牧場,ノーザンファーム,安平町,000a00652e,サラトガデュー,3
2020103435,マヴォロンテ,2020-02-28,松永幹夫,01092,桑田牧場,ノーザンファーム,安平町,000a00177c,Cormorant,4
2020103435,マヴォロンテ,2020-02-28,松永幹夫,01092,桑田牧場,ノーザンファーム,安平町,000a000628,His Majesty,5
2020103435,マヴォロンテ,2020-02-28,松永幹夫,01092,桑田牧場,ノーザンファーム,安平町,000a008508,Song Sparrow,5
2020103435,マヴォロンテ,2020-02-28,松永幹夫,01092,桑田牧場,ノーザンファーム,安平町,000a00033d,Super Luna,4
2020103435,マヴォロンテ,2020-02-28,松永幹夫,01092,桑田牧場,ノーザンファーム,安平町,000a0010e2,In Reality,5
2020103435,マヴォロンテ,2020-02-28,松永幹夫,01092,桑田牧場,ノーザンファーム,安平町,000a00001a,Alada,5
2020103435,マヴォロンテ,2020-02-28,松永幹夫,01092,桑田牧場,ノーザンファーム,安平町,2004110007,スターアイル,1
2020103435,マヴォロンテ,2020-02-28,松永幹夫,01092,桑田牧場,ノーザンファーム,安平町,000a00fd4c,ロックオブジブラルタル,2
2020103435,マヴォロンテ,2020-02-28,松永幹夫,01092,桑田牧場,ノーザンファーム,安平町,000a0000d1,デインヒル,3
2020103435,マヴォロンテ,2020-02-28,松永幹夫,01092,桑田牧場,ノーザンファーム,安平町,000a0000d3,Danzig,4
2020103435,マヴォロンテ,2020-02-28,松永幹夫,01092,桑田牧場,ノーザンファーム,安平町,000a000491,Pas de Nom,5
2020103435,マヴォロンテ,2020-02-28,松永幹夫,01092,桑田牧場,ノーザンファーム,安平町,000a009233,Razyana,4
2020103435,マヴォロンテ,2020-02-28,松永幹夫,01092,桑田牧場,ノーザンファーム,安平町,000a00922b,Spring Adieu,5
2020103435,マヴォロンテ,2020-02-28,松永幹夫,01092,桑田牧場,ノーザンファーム,安平町,000a00fd7f,Offshore Boom,3
2020103435,マヴォロンテ,2020-02-28,松永幹夫,01092,桑田牧場,ノーザンファーム,安平町,000a0015e0,Be My Guest,4
2020103435,マヴォロンテ,2020-02-28,松永幹夫,01092,桑田牧場,ノーザンファーム,安平町,000a007e1b,What a Treat,5
2020103435,マヴォロンテ,2020-02-28,松永幹夫,01092,桑田牧場,ノーザンファーム,安平町,000a00a959,Push a Button,4
2020103435,マヴォロンテ,2020-02-28,松永幹夫,01092,桑田牧場,ノーザンファーム,安平町,000a000e29,Bold Lad,5
2020103435,マヴォロンテ,2020-02-28,松永幹夫,01092,桑田牧場,ノーザンファーム,安平町,000a0079b1,River Lady,5
2020103435,マヴォロンテ,2020-02-28,松永幹夫,01092,桑田牧場,ノーザンファーム,安平町,000a0105b9,アイルドフランス,2
2020103435,マヴォロンテ,2020-02-28,松永幹夫,01092,桑田牧場,ノーザンファーム,安平町,000a000f8c,Nearctic,5
2020103435,マヴォロンテ,2020-02-28,松永幹夫,01092,桑田牧場,ノーザンファーム,安平町,000a00702e,Natalma,5
2020103435,マヴォロンテ,2020-02-28,松永幹夫,01092,桑田牧場,ノーザンファーム,安平町,000a0081e9,Special,4
2020103435,マヴォロンテ,2020-02-28,松永幹夫,01092,桑田牧場,ノーザンファーム,安平町,000a000f12,Forli,5
2020103435,マヴォロンテ,2020-02-28,松永幹夫,01092,桑田牧場,ノーザンファーム,安平町,000a007e3f,Thong,5
2020103435,マヴォロンテ,2020-02-28,松永幹夫,01092,桑田牧場,ノーザンファーム,安平町,000a0065b4,ステラマドリッド,3
2020103435,マヴォロンテ,2020-02-28,松永幹夫,01092,桑田牧場,ノーザンファーム,安平町,000a00175b,Alydar,4
2020103435,マヴォロンテ,2020-02-28,松永幹夫,01092,桑田牧場,ノーザンファーム,安平町,000a007adb,Sweet Tooth,5
2020103435,マヴォロンテ,2020-02-28,松永幹夫,01092,桑田牧場,ノーザンファーム,安平町,000a0096f2,My Juliet,4
2020103435,マヴォロンテ,2020-02-28,松永幹夫,01092,桑田牧場,ノーザンファーム,安平町,000a0016b6,Gallant Romeo,5
2020103435,マヴォロンテ,2020-02-28,松永幹夫,01092,桑田牧場,ノーザンファーム,安平町,000a0082bc,My Bupers,5
2021100018,ソリューション,2021-05-07,加用正,00425,寺田寿男,猪野毛牧場,新ひだか町,2014106201,レイデオロ,1
2021100018,ソリューション,2021-05-07,加用正,00425,寺田寿男,猪野毛牧場,新ひだか町,2001103460,キングカメハメハ,2
2021100018,ソリューション,2021-05-07,加用正,00425,寺田寿男,猪野毛牧場,新ひだか町,000a001d7e,Kingmambo,3
2021100018,ソリューション,2021-05-07,加用正,00425,寺田寿男,猪野毛牧場,新ひだか町,000a001607,Mr. Prospector,4
2021100018,ソリューション,2021-05-07,加用正,00425,寺田寿男,猪野毛牧場,新ひだか町,000a000e46,Raise a Native,5
2021100018,ソリューション,2021-05-07,加用正,00425,寺田寿男,猪野毛牧場,新ひだか町,000a007e0c,Gold Digger,5
2021100018,ソリューション,2021-05-07,加用正,00425,寺田寿男,猪野毛牧場,新ひだか町,000a009961,Miesque,4
2021100018,ソリューション,2021-05-07,加用正,00425,寺田寿男,猪野毛牧場,新ひだか町,000a001676,Nureyev,5
2021100018,ソリューション,2021-05-07,加用正,00425,寺田寿男,猪野毛牧場,新ひだか町,000a0084c9,Pasadoble,5
2021100018,ソリューション,2021-05-07,加用正,00425,寺田寿男,猪野毛牧場,新ひだか町,000a00680e,マンファス,3
2021100018,ソリューション,2021-05-07,加用正,00425,寺田寿男,猪野毛牧場,新ひだか町,000a0001d6,ラストタイクーン,4
2021100018,ソリューション,2021-05-07,加用正,00425,寺田寿男,猪野毛牧場,新ひだか町,000a000378,トライマイベスト,5
2021100018,ソリューション,2021-05-07,加用正,00425,寺田寿男,猪野毛牧場,新ひだか町,000a009241,Mill Princess,5
2021100018,ソリューション,2021-05-07,加用正,00425,寺田寿男,猪野毛牧場,新ひだか町,000a00b1e0,Pilot Bird,4
2021100018,ソリューション,2021-05-07,加用正,00425,寺田寿男,猪野毛牧場,新ひだか町,000a000e1d,Blakeney,5
2021100018,ソリューション,2021-05-07,加用正,00425,寺田寿男,猪野毛牧場,新ひだか町,000a009608,The Dancer,5
2021100018,ソリューション,2021-05-07,加用正,00425,寺田寿男,猪野毛牧場,新ひだか町,2006103419,ラドラーダ,2
2021100018,ソリューション,2021-05-07,加用正,00425,寺田寿男,猪野毛牧場,新ひだか町,1999110099,シンボリクリスエス,3
2021100018,ソリューション,2021-05-07,加用正,00425,寺田寿男,猪野毛牧場,新ひだか町,000a0016f2,Kris S.,4
2021100018,ソリューション,2021-05-07,加用正,00425,寺田寿男,猪野毛牧場,新ひだか町,000a0012cb,Roberto,5
2021100018,ソリューション,2021-05-07,加用正,00425,寺田寿男,猪野毛牧場,新ひだか町,000a0083b4,Sharp Queen,5
2021100018,ソリューション,2021-05-07,加用正,00425,寺田寿男,猪野毛牧場,新ひだか町,000a00b2b6,Tee Kay,4
2021100018,ソリューション,2021-05-07,加用正,00425,寺田寿男,猪野毛牧場,新ひだか町,000a001e72,Gold Meridian,5
2021100018,ソリューション,2021-05-07,加用正,00425,寺田寿男,猪野毛牧場,新ひだか町,000a00b2b7,Tri Argo,5
2021100018,ソリューション,2021-05-07,加用正,00425,寺田寿男,猪野毛牧場,新ひだか町,1998110268,レディブロンド,3
2021100018,ソリューション,2021-05-07,加用正,00425,寺田寿男,猪野毛牧場,新ひだか町,000a001bea,Seeking the Gold,4
2021100018,ソリューション,2021-05-07,加用正,00425,寺田寿男,猪野毛牧場,新ひだか町,000a0087a5,Con Game,5
2021100018,ソリューション,2021-05-07,加用正,00425,寺田寿男,猪野毛牧場,新ひだか町,000a0003a2,ウインドインハーヘア,4
2021100018,ソリューション,2021-05-07,加用正,00425,寺田寿男,猪野毛牧場,新ひだか町,000a001cb4,Alzao,5
2021100018,ソリューション,2021-05-07,加用正,00425,寺田寿男,猪野毛牧場,新ひだか町,000a00922c,Burghclere,5
2021100018,ソリューション,2021-05-07,加用正,00425,寺田寿男,猪野毛牧場,新ひだか町,2017102269,マサノヴィクトワル,1
2021100018,ソリューション,2021-05-07,加用正,00425,寺田寿男,猪野毛牧場,新ひだか町,2007102923,ヴィクトワールピサ,2
2021100018,ソリューション,2021-05-07,加用正,00425,寺田寿男,猪野毛牧場,新ひだか町,2000101426,ネオユニヴァース,3
2021100018,ソリューション,2021-05-07,加用正,00425,寺田寿男,猪野毛牧場,新ひだか町,000a00033a,サンデーサイレンス,4
2021100018,ソリューション,2021-05-07,加用正,00425,寺田寿男,猪野毛牧場,新ひだか町,000a0012bf,Halo,5
2021100018,ソリューション,2021-05-07,加用正,00425,寺田寿男,猪野毛牧場,新ひだか町,000a008c1e,Wishing Well,5
2021100018,ソリューション,2021-05-07,加用正,00425,寺田寿男,猪野毛牧場,新ひだか町,000a000285,ポインテッドパス,4
2021100018,ソリューション,2021-05-07,加用正,00425,寺田寿男,猪野毛牧場,新ひだか町,000a001678,Kris,5
2021100018,ソリューション,2021-05-07,加用正,00425,寺田寿男,猪野毛牧場,新ひだか町,000a009c85,Silken Way,5
2021100018,ソリューション,2021-05-07,加用正,00425,寺田寿男,猪野毛牧場,新ひだか町,000a00039f,ホワイトウォーターアフェア,3
2021100018,ソリューション,2021-05-07,加用正,00425,寺田寿男,猪野毛牧場,新ひだか町,000a001c1d,Machiavellian,4
2021100018,ソリューション,2021-05-07,加用正,00425,寺田寿男,猪野毛牧場,新ひだか町,000a00931f,Coup de Folie,5
2021100018,ソリューション,2021-05-07,加用正,00425,寺田寿男,猪野毛牧場,新ひだか町,000a00ae6e,Much Too Risky,4
2021100018,ソリューション,2021-05-07,加用正,00425,寺田寿男,猪野毛牧場,新ひだか町,000a000564,Bustino,5
2021100018,ソリューション,2021-05-07,加用正,00425,寺田寿男,猪野毛牧場,新ひだか町,000a00ae6f,Short Rations,5
2021100018,ソリューション,2021-05-07,加用正,00425,寺田寿男,猪野毛牧場,新ひだか町,2004101088,ファーストナイナー,2
2021100018,ソリューション,2021-05-07,加用正,00425,寺田寿男,猪野毛牧場,新ひだか町,000a000134,フォーティナイナー,3
2021100018,ソリューション,2021-05-07,加用正,00425,寺田寿男,猪野毛牧場,新ひだか町,000a0094a9,File,4
2021100018,ソリューション,2021-05-07,加用正,00425,寺田寿男,猪野毛牧場,新ひだか町,000a001033,Tom Rolfe,5
2021100018,ソリューション,2021-05-07,加用正,00425,寺田寿男,猪野毛牧場,新ひだか町,000a000595,Continue,5
2021100018,ソリューション,2021-05-07,加用正,00425,寺田寿男,猪野毛牧場,新ひだか町,000a0001cc,レディダンジグ,3
2021100018,ソリューション,2021-05-07,加用正,00425,寺田寿男,猪野毛牧場,新ひだか町,000a0000d3,Danzig,4
2021100018,ソリューション,2021-05-07,加用正,00425,寺田寿男,猪野毛牧場,新ひだか町,000a000e04,Northern Dancer,5
2021100018,ソリューション,2021-05-07,加用正,00425,寺田寿男,猪野毛牧場,新ひだか町,000a000491,Pas de Nom,5
2021100018,ソリューション,2021-05-07,加用正,00425,寺田寿男,猪野毛牧場,新ひだか町,000a00926e,Lady's Secret,4
2021100018,ソリューション,2021-05-07,加用正,00425,寺田寿男,猪野毛牧場,新ひだか町,000a000ded,Secretariat,5
2021100018,ソリューション,2021-05-07,加用正,00425,寺田寿男,猪野毛牧場,新ひだか町,000a008487,Great Lady M.,5
2021100953,ウォーターリヒト,2021-03-24,石橋守,01140,山岡正人,伏木田牧場,浦河町,000a013b82,ドレフォン,1
2021100953,ウォーターリヒト,2021-03-24,石橋守,01140,山岡正人,伏木田牧場,浦河町,000a011a7e,Gio Ponti,2
2021100953,ウォーターリヒト,2021-03-24,石橋守,01140,山岡正人,伏木田牧場,浦河町,000a002276,Tale of the Cat,3
2021100953,ウォーターリヒト,2021-03-24,石橋守,01140,山岡正人,伏木田牧場,浦河町,000a001a98,Storm Cat,4
2021100953,ウォーターリヒト,2021-03-24,石橋守,01140,山岡正人,伏木田牧場,浦河町,000a0016d4,Storm Bird,5
2021100953,ウォーターリヒト,2021-03-24,石橋守,01140,山岡正人,伏木田牧場,浦河町,000a008e05,Terlingua,5
2021100953,ウォーターリヒト,2021-03-24,石橋守,01140,山岡正人,伏木田牧場,浦河町,000a00b29c,Yarn,4
2021100953,ウォーターリヒト,2021-03-24,石橋守,01140,山岡正人,伏木田牧場,浦河町,000a001607,Mr. Prospector,5
2021100953,ウォーターリヒト,2021-03-24,石橋守,01140,山岡正人,伏木田牧場,浦河町,000a00aca9,Narrate,5
2021100953,ウォーターリヒト,2021-03-24,石橋守,01140,山岡正人,伏木田牧場,浦河町,000a0126bc,Chipeta Springs,3
2021100953,ウォーターリヒト,2021-03-24,石橋守,01140,山岡正人,伏木田牧場,浦河町,000a00175b,Alydar,4
2021100953,ウォーターリヒト,2021-03-24,石橋守,01140,山岡正人,伏木田牧場,浦河町,000a000e46,Raise a Native,5
2021100953,ウォーターリヒト,2021-03-24,石橋守,01140,山岡正人,伏木田牧場,浦河町,000a007adb,Sweet Tooth,5
2021100953,ウォーターリヒト,2021-03-24,石橋守,01140,山岡正人,伏木田牧場,浦河町,000a00fb47,Salt Spring,4
2021100953,ウォーターリヒト,2021-03-24,石橋守,01140,山岡正人,伏木田牧場,浦河町,000a002323,Salt Marsh,5
2021100953,ウォーターリヒト,2021-03-24,石橋守,01140,山岡正人,伏木田牧場,浦河町,000a00fb48,Jungle Mythologic,5
2021100953,ウォーターリヒト,2021-03-24,石橋守,01140,山岡正人,伏木田牧場,浦河町,000a013b81,Eltimaas,2
2021100953,ウォーターリヒト,2021-03-24,石橋守,01140,山岡正人,伏木田牧場,浦河町,000a010525,Ghostzapper,3
2021100953,ウォーターリヒト,2021-03-24,石橋守,01140,山岡正人,伏木田牧場,浦河町,000a0021cb,Awesome Again,4
2021100953,ウォーターリヒト,2021-03-24,石橋守,01140,山岡正人,伏木田牧場,浦河町,000a001849,Deputy Minister,5
2021100953,ウォーターリヒト,2021-03-24,石橋守,01140,山岡正人,伏木田牧場,浦河町,000a00afd4,Primal Force,5
2021100953,ウォーターリヒト,2021-03-24,石橋守,01140,山岡正人,伏木田牧場,浦河町,000a010524,Baby Zip,4
2021100953,ウォーターリヒト,2021-03-24,石橋守,01140,山岡正人,伏木田牧場,浦河町,000a001b45,Relaunch,5
2021100953,ウォーターリヒト,2021-03-24,石橋守,01140,山岡正人,伏木田牧場,浦河町,000a010523,Thirty Zip,5
2021100953,ウォーターリヒト,2021-03-24,石橋守,01140,山岡正人,伏木田牧場,浦河町,000a010ad0,Najecam,3
2021100953,ウォーターリヒト,2021-03-24,石橋守,01140,山岡正人,伏木田牧場,浦河町,000a001bf8,Trempolino,4
2021100953,ウォーターリヒト,2021-03-24,石橋守,01140,山岡正人,伏木田牧場,浦河町,000a001677,Sharpen Up,5
2021100953,ウォーターリヒト,2021-03-24,石橋守,01140,山岡正人,伏木田牧場,浦河町,000a00857c,Trephine,5
2021100953,ウォーターリヒト,2021-03-24,石橋守,01140,山岡正人,伏木田牧場,浦河町,000a010acf,Sue Warner,4
2021100953,ウォーターリヒト,2021-03-24,石橋守,01140,山岡正人,伏木田牧場,浦河町,000a000f12,Forli,5
2021100953,ウォーターリヒト,2021-03-24,石橋守,01140,山岡正人,伏木田牧場,浦河町,000a008ed9,Bitty Girl,5
2021100953,ウォーターリヒト,2021-03-24,石橋守,01140,山岡正人,伏木田牧場,浦河町,2013105651,ウォーターピオニー,1
2021100953,ウォーターリヒト,2021-03-24,石橋守,01140,山岡正人,伏木田牧場,浦河町,2007102923,ヴィクトワールピサ,2
2021100953,ウォーターリヒト,2021-03-24,石橋守,01140,山岡正人,伏木田牧場,浦河町,2000101426,ネオユニヴァース,3
2021100953,ウォーターリヒト,2021-03-24,石橋守,01140,山岡正人,伏木田牧場,浦河町,000a00033a,サンデーサイレンス,4
2021100953,ウォーターリヒト,2021-03-24,石橋守,01140,山岡正人,伏木田牧場,浦河町,000a0012bf,Halo,5
2021100953,ウォーターリヒト,2021-03-24,石橋守,01140,山岡正人,伏木田牧場,浦河町,000a008c1e,Wishing Well,5
2021100953,ウォーターリヒト,2021-03-24,石橋守,01140,山岡正人,伏木田牧場,浦河町,000a000285,ポインテッドパス,4
2021100953,ウォーターリヒト,2021-03-24,石橋守,01140,山岡正人,伏木田牧場,浦河町,000a001678,Kris,5
2021100953,ウォーターリヒト,2021-03-24,石橋守,01140,山岡正人,伏木田牧場,浦河町,000a009c85,Silken Way,5
2021100953,ウォーターリヒト,2021-03-24,石橋守,01140,山岡正人,伏木田牧場,浦河町,000a00039f,ホワイトウォーターアフェア,3
2021100953,ウォーターリヒト,2021-03-24,石橋守,01140,山岡正人,伏木田牧場,浦河町,000a001c1d,Machiavellian,4
2021100953,ウォーターリヒト,2021-03-24,石橋守,01140,山岡正人,伏木田牧場,浦河町,000a00931f,Coup de Folie,5
2021100953,ウォーターリヒト,2021-03-24,石橋守,01140,山岡正人,伏木田牧場,浦河町,000a00ae6e,Much Too Risky,4
2021100953,ウォーターリヒト,2021-03-24,石橋守,01140,山岡正人,伏木田牧場,浦河町,000a000564,Bustino,5
2021100953,ウォーターリヒト,2021-03-24,石橋守,01140,山岡正人,伏木田牧場,浦河町,000a00ae6f,Short Rations,5
2021100953,ウォーターリヒト,2021-03-24,石橋守,01140,山岡正人,伏木田牧場,浦河町,2005102387,マチカネハヤテ,2
2021100953,ウォーターリヒト,2021-03-24,石橋守,01140,山岡正人,伏木田牧場,浦河町,1989108341,サクラバクシンオー,3
2021100953,ウォーターリヒト,2021-03-24,石橋守,01140,山岡正人,伏木田牧場,浦河町,1982101222,サクラユタカオー,4
2021100953,ウォーターリヒト,2021-03-24,石橋守,01140,山岡正人,伏木田牧場,浦河町,000a000355,テスコボーイ,5
2021100953,ウォーターリヒト,2021-03-24,石橋守,01140,山岡正人,伏木田牧場,浦河町,1955103119,アンジェリカ,5
2021100953,ウォーターリヒト,2021-03-24,石橋守,01140,山岡正人,伏木田牧場,浦河町,1984104366,サクラハゴロモ,4
2021100953,ウォーターリヒト,2021-03-24,石橋守,01140,山岡正人,伏木田牧場,浦河町,000a000258,ノーザンテースト,5
2021100953,ウォーターリヒト,2021-03-24,石橋守,01140,山岡正人,伏木田牧場,浦河町,000a00058e,クリアアンバー,5
2021100953,ウォーターリヒト,2021-03-24,石橋守,01140,山岡正人,伏木田牧場,浦河町,1991106867,ベルセゾン,3
2021100953,ウォーターリヒト,2021-03-24,石橋守,01140,山岡正人,伏木田牧場,浦河町,000a000065,ベリファ,4
2021100953,ウォーターリヒト,2021-03-24,石橋守,01140,山岡正人,伏木田牧場,浦河町,000a001205,Lyphard,5
2021100953,ウォーターリヒト,2021-03-24,石橋守,01140,山岡正人,伏木田牧場,浦河町,000a0082dc,Belga,5
2021100953,ウォーターリヒト,2021-03-24,石橋守,01140,山岡正人,伏木田牧場,浦河町,000a00614a,ヴアインゴールド,4
2021100953,ウォーターリヒト,2021-03-24,石橋守,01140,山岡正人,伏木田牧場,浦河町,000a008611,Chancy Dance,5
2021102667,ペッシュプラット,2021-03-17,飯田弘道,05778,柴田洋一,鎌田正嗣,浦河町,2014105979,アドミラブル,1
2021102667,ペッシュプラット,2021-03-17,飯田弘道,05778,柴田洋一,鎌田正嗣,浦河町,2002100816,ディープインパクト,2
2021102667,ペッシュプラット,2021-03-17,飯田弘道,05778,柴田洋一,鎌田正嗣,浦河町,000a00033a,サンデーサイレンス,3
2021102667,ペッシュプラット,2021-03-17,飯田弘道,05778,柴田洋一,鎌田正嗣,浦河町,000a0012bf,Halo,4
2021102667,ペッシュプラット,2021-03-17,飯田弘道,05778,柴田洋一,鎌田正嗣,浦河町,000a000f2b,Hail to Reason,5
2021102667,ペッシュプラット,2021-03-17,飯田弘道,05778,柴田洋一,鎌田正嗣,浦河町,000a007459,Cosmah,5
2021102667,ペッシュプラット,2021-03-17,飯田弘道,05778,柴田洋一,鎌田正嗣,浦河町,000a008c1e,Wishing Well,4
2021102667,ペッシュプラット,2021-03-17,飯田弘道,05778,柴田洋一,鎌田正嗣,浦河町,000a0019b6,Understanding,5
2021102667,ペッシュプラット,2021-03-17,飯田弘道,05778,柴田洋一,鎌田正嗣,浦河町,000a008c1d,Mountain Flower,5
2021102667,ペッシュプラット,2021-03-17,飯田弘道,05778,柴田洋一,鎌田正嗣,浦河町,000a0003a2,ウインドインハーヘア,3
2021102667,ペッシュプラット,2021-03-17,飯田弘道,05778,柴田洋一,鎌田正嗣,浦河町,000a001cb4,Alzao,4
2021102667,ペッシュプラット,2021-03-17,飯田弘道,05778,柴田洋一,鎌田正嗣,浦河町,000a001205,Lyphard,5
2021102667,ペッシュプラット,2021-03-17,飯田弘道,05778,柴田洋一,鎌田正嗣,浦河町,000a009170,Lady Rebecca,5
2021102667,ペッシュプラット,2021-03-17,飯田弘道,05778,柴田洋一,鎌田正嗣,浦河町,000a00922c,Burghclere,4
2021102667,ペッシュプラット,2021-03-17,飯田弘道,05778,柴田洋一,鎌田正嗣,浦河町,000a000e0d,Busted,5
2021102667,ペッシュプラット,2021-03-17,飯田弘道,05778,柴田洋一,鎌田正嗣,浦河町,000a008341,Highclere,5
2021102667,ペッシュプラット,2021-03-17,飯田弘道,05778,柴田洋一,鎌田正嗣,浦河町,2005102516,スカーレット,2
2021102667,ペッシュプラット,2021-03-17,飯田弘道,05778,柴田洋一,鎌田正嗣,浦河町,1999110099,シンボリクリスエス,3
2021102667,ペッシュプラット,2021-03-17,飯田弘道,05778,柴田洋一,鎌田正嗣,浦河町,000a0016f2,Kris S.,4
2021102667,ペッシュプラット,2021-03-17,飯田弘道,05778,柴田洋一,鎌田正嗣,浦河町,000a0012cb,Roberto,5
2021102667,ペッシュプラット,2021-03-17,飯田弘道,05778,柴田洋一,鎌田正嗣,浦河町,000a0083b4,Sharp Queen,5
2021102667,ペッシュプラット,2021-03-17,飯田弘道,05778,柴田洋一,鎌田正嗣,浦河町,000a00b2b6,Tee Kay,4
2021102667,ペッシュプラット,2021-03-17,飯田弘道,05778,柴田洋一,鎌田正嗣,浦河町,000a001e72,Gold Meridian,5
2021102667,ペッシュプラット,2021-03-17,飯田弘道,05778,柴田洋一,鎌田正嗣,浦河町,000a00b2b7,Tri Argo,5
2021102667,ペッシュプラット,2021-03-17,飯田弘道,05778,柴田洋一,鎌田正嗣,浦河町,1994108685,グレースアドマイヤ,3
2021102667,ペッシュプラット,2021-03-17,飯田弘道,05778,柴田洋一,鎌田正嗣,浦河町,1983109006,トニービン,4
2021102667,ペッシュプラット,2021-03-17,飯田弘道,05778,柴田洋一,鎌田正嗣,浦河町,000a000827,カンパラ,5
2021102667,ペッシュプラット,2021-03-17,飯田弘道,05778,柴田洋一,鎌田正嗣,浦河町,000a00859c,Severn Bridge,5
2021102667,ペッシュプラット,2021-03-17,飯田弘道,05778,柴田洋一,鎌田正嗣,浦河町,000a006412,バレークイーン,4
2021102667,ペッシュプラット,2021-03-17,飯田弘道,05778,柴田洋一,鎌田正嗣,浦河町,000a00185d,Sadler's Wells,5
2021102667,ペッシュプラット,2021-03-17,飯田弘道,05778,柴田洋一,鎌田正嗣,浦河町,000a008c5a,Sun Princess,5
2021102667,ペッシュプラット,2021-03-17,飯田弘道,05778,柴田洋一,鎌田正嗣,浦河町,2006101872,ピーチフィズ,1
2021102667,ペッシュプラット,2021-03-17,飯田弘道,05778,柴田洋一,鎌田正嗣,浦河町,000a00fa34,スウェプトオーヴァーボード,2
2021102667,ペッシュプラット,2021-03-17,飯田弘道,05778,柴田洋一,鎌田正嗣,浦河町,000a00010f,エンドスウィープ,3
2021102667,ペッシュプラット,2021-03-17,飯田弘道,05778,柴田洋一,鎌田正嗣,浦河町,000a000134,フォーティナイナー,4
2021102667,ペッシュプラット,2021-03-17,飯田弘道,05778,柴田洋一,鎌田正嗣,浦河町,000a001607,Mr. Prospector,5
2021102667,ペッシュプラット,2021-03-17,飯田弘道,05778,柴田洋一,鎌田正嗣,浦河町,000a0094a9,File,5
2021102667,ペッシュプラット,2021-03-17,飯田弘道,05778,柴田洋一,鎌田正嗣,浦河町,000a00a55c,Broom Dance,4
2021102667,ペッシュプラット,2021-03-17,飯田弘道,05778,柴田洋一,鎌田正嗣,浦河町,000a0012eb,Dance Spell,5
2021102667,ペッシュプラット,2021-03-17,飯田弘道,05778,柴田洋一,鎌田正嗣,浦河町,000a000007,Witching Hour,5
2021102667,ペッシュプラット,2021-03-17,飯田弘道,05778,柴田洋一,鎌田正嗣,浦河町,000a00faab,Sheer Ice,3
2021102667,ペッシュプラット,2021-03-17,飯田弘道,05778,柴田洋一,鎌田正嗣,浦河町,000a001bd6,Cutlass,4
2021102667,ペッシュプラット,2021-03-17,飯田弘道,05778,柴田洋一,鎌田正嗣,浦河町,000a0010a8,Damascus,5
2021102667,ペッシュプラット,2021-03-17,飯田弘道,05778,柴田洋一,鎌田正嗣,浦河町,000a0080c4,Aphonia,5
2021102667,ペッシュプラット,2021-03-17,飯田弘道,05778,柴田洋一,鎌田正嗣,浦河町,000a00faac,Hey Dolly A.,4
2021102667,ペッシュプラット,2021-03-17,飯田弘道,05778,柴田洋一,鎌田正嗣,浦河町,000a001944,Ambehaving,5
2021102667,ペッシュプラット,2021-03-17,飯田弘道,05778,柴田洋一,鎌田正嗣,浦河町,000a00faad,Swift Deal,5
2021102667,ペッシュプラット,2021-03-17,飯田弘道,05778,柴田洋一,鎌田正嗣,浦河町,2000103722,プリンセスレビュー,2
2021102667,ペッシュプラット,2021-03-17,飯田弘道,05778,柴田洋一,鎌田正嗣,浦河町,1993190001,エリシオ,3
2021102667,ペッシュプラット,2021-03-17,飯田弘道,05778,柴田洋一,鎌田正嗣,浦河町,000a001bde,Fairy King,4
2021102667,ペッシュプラット,2021-03-17,飯田弘道,05778,柴田洋一,鎌田正嗣,浦河町,000a000e04,Northern Dancer,5
2021102667,ペッシュプラット,2021-03-17,飯田弘道,05778,柴田洋一,鎌田正嗣,浦河町,000a008892,Fairy Bridge,5
2021102667,ペッシュプラット,2021-03-17,飯田弘道,05778,柴田洋一,鎌田正嗣,浦河町,000a00a488,Helice,4
2021102667,ペッシュプラット,2021-03-17,飯田弘道,05778,柴田洋一,鎌田正嗣,浦河町,000a00191f,Slewpy,5
2021102667,ペッシュプラット,2021-03-17,飯田弘道,05778,柴田洋一,鎌田正嗣,浦河町,000a00a487,Hirondelle,5
2021102667,ペッシュプラット,2021-03-17,飯田弘道,05778,柴田洋一,鎌田正嗣,浦河町,1992105142,プリンセスシラオキ,3
2021102667,ペッシュプラット,2021-03-17,飯田弘道,05778,柴田洋一,鎌田正嗣,浦河町,000a00021b,ミルジョージ,4
2021102667,ペッシュプラット,2021-03-17,飯田弘道,05778,柴田洋一,鎌田正嗣,浦河町,000a000e32,Mill Reef,5
2021102667,ペッシュプラット,2021-03-17,飯田弘道,05778,柴田洋一,鎌田正嗣,浦河町,000a007cd2,Miss Charisma,5
2021102667,ペッシュプラット,2021-03-17,飯田弘道,05778,柴田洋一,鎌田正嗣,浦河町,1982102775,クイーンシラオキ,4
2021102667,ペッシュプラット,2021-03-17,飯田弘道,05778,柴田洋一,鎌田正嗣,浦河町,000a0003f0,コインドシルバー,5
2021102667,ペッシュプラット,2021-03-17,飯田弘道,05778,柴田洋一,鎌田正嗣,浦河町,1955100057,ワカシラオキ,5
2021102685,セイウンチドリ,2021-03-26,村田一誠,01190,西山茂行,ガーベラパークスタッド,浦河町,2008103552,ロードカナロア,1
2021102685,セイウンチドリ,2021-03-26,村田一誠,01190,西山茂行,ガーベラパークスタッド,浦河町,2001103460,キングカメハメハ,2
2021102685,セイウンチドリ,2021-03-26,村田一誠,01190,西山茂行,ガーベラパークスタッド,浦河町,000a001d7e,Kingmambo,3
2021102685,セイウンチドリ,2021-03-26,村田一誠,01190,西山茂行,ガーベラパークスタッド,浦河町,000a001607,Mr. Prospector,4
2021102685,セイウンチドリ,2021-03-26,村田一誠,01190,西山茂行,ガーベラパークスタッド,浦河町,000a000e46,Raise a Native,5
2021102685,セイウンチドリ,2021-03-26,村田一誠,01190,西山茂行,ガーベラパークスタッド,浦河町,000a007e0c,Gold Digger,5
2021102685,セイウンチドリ,2021-03-26,村田一誠,01190,西山茂行,ガーベラパークスタッド,浦河町,000a009961,Miesque,4
2021102685,セイウンチドリ,2021-03-26,村田一誠,01190,西山茂行,ガーベラパークスタッド,浦河町,000a001676,Nureyev,5
2021102685,セイウンチドリ,2021-03-26,村田一誠,01190,西山茂行,ガーベラパークスタッド,浦河町,000a0084c9,Pasadoble,5
2021102685,セイウンチドリ,2021-03-26,村田一誠,01190,西山茂行,ガーベラパークスタッド,浦河町,000a00680e,マンファス,3
2021102685,セイウンチドリ,2021-03-26,村田一誠,01190,西山茂行,ガーベラパークスタッド,浦河町,000a0001d6,ラストタイクーン,4
2021102685,セイウンチドリ,2021-03-26,村田一誠,01190,西山茂行,ガーベラパークスタッド,浦河町,000a000378,トライマイベスト,5
2021102685,セイウンチドリ,2021-03-26,村田一誠,01190,西山茂行,ガーベラパークスタッド,浦河町,000a009241,Mill Princess,5
2021102685,セイウンチドリ,2021-03-26,村田一誠,01190,西山茂行,ガーベラパークスタッド,浦河町,000a00b1e0,Pilot Bird,4
2021102685,セイウンチドリ,2021-03-26,村田一誠,01190,西山茂行,ガーベラパークスタッド,浦河町,000a000e1d,Blakeney,5
2021102685,セイウンチドリ,2021-03-26,村田一誠,01190,西山茂行,ガーベラパークスタッド,浦河町,000a009608,The Dancer,5
2021102685,セイウンチドリ,2021-03-26,村田一誠,01190,西山茂行,ガーベラパークスタッド,浦河町,1996107173,レディブラッサム,2
2021102685,セイウンチドリ,2021-03-26,村田一誠,01190,西山茂行,ガーベラパークスタッド,浦河町,000a001a98,Storm Cat,3
2021102685,セイウンチドリ,2021-03-26,村田一誠,01190,西山茂行,ガーベラパークスタッド,浦河町,000a0016d4,Storm Bird,4
2021102685,セイウンチドリ,2021-03-26,村田一誠,01190,西山茂行,ガーベラパークスタッド,浦河町,000a000e04,Northern Dancer,5
2021102685,セイウンチドリ,2021-03-26,村田一誠,01190,西山茂行,ガーベラパークスタッド,浦河町,000a00834c,South Ocean,5
2021102685,セイウンチドリ,2021-03-26,村田一誠,01190,西山茂行,ガーベラパークスタッド,浦河町,000a008e05,Terlingua,4
2021102685,セイウンチドリ,2021-03-26,村田一誠,01190,西山茂行,ガーベラパークスタッド,浦河町,000a000ded,Secretariat,5
2021102685,セイウンチドリ,2021-03-26,村田一誠,01190,西山茂行,ガーベラパークスタッド,浦河町,000a008e04,Crimson Saint,5
2021102685,セイウンチドリ,2021-03-26,村田一誠,01190,西山茂行,ガーベラパークスタッド,浦河町,000a00652e,サラトガデュー,3
2021102685,セイウンチドリ,2021-03-26,村田一誠,01190,西山茂行,ガーベラパークスタッド,浦河町,000a00177c,Cormorant,4
2021102685,セイウンチドリ,2021-03-26,村田一誠,01190,西山茂行,ガーベラパークスタッド,浦河町,000a000628,His Majesty,5
2021102685,セイウンチドリ,2021-03-26,村田一誠,01190,西山茂行,ガーベラパークスタッド,浦河町,000a008508,Song Sparrow,5
2021102685,セイウンチドリ,2021-03-26,村田一誠,01190,西山茂行,ガーベラパークスタッド,浦河町,000a00033d,Super Luna,4
2021102685,セイウンチドリ,2021-03-26,村田一誠,01190,西山茂行,ガーベラパークスタッド,浦河町,000a0010e2,In Reality,5
2021102685,セイウンチドリ,2021-03-26,村田一誠,01190,西山茂行,ガーベラパークスタッド,浦河町,000a00001a,Alada,5
2021102685,セイウンチドリ,2021-03-26,村田一誠,01190,西山茂行,ガーベラパークスタッド,浦河町,2004102569,ニシノマナムスメ,1
2021102685,セイウンチドリ,2021-03-26,村田一誠,01190,西山茂行,ガーベラパークスタッド,浦河町,1998101516,アグネスタキオン,2
2021102685,セイウンチドリ,2021-03-26,村田一誠,01190,西山茂行,ガーベラパークスタッド,浦河町,000a00033a,サンデーサイレンス,3
2021102685,セイウンチドリ,2021-03-26,村田一誠,01190,西山茂行,ガーベラパークスタッド,浦河町,000a0012bf,Halo,4
2021102685,セイウンチドリ,2021-03-26,村田一誠,01190,西山茂行,ガーベラパークスタッド,浦河町,000a000f2b,Hail to Reason,5
2021102685,セイウンチドリ,2021-03-26,村田一誠,01190,西山茂行,ガーベラパークスタッド,浦河町,000a007459,Cosmah,5
2021102685,セイウンチドリ,2021-03-26,村田一誠,01190,西山茂行,ガーベラパークスタッド,浦河町,000a008c1e,Wishing Well,4
2021102685,セイウンチドリ,2021-03-26,村田一誠,01190,西山茂行,ガーベラパークスタッド,浦河町,000a0019b6,Understanding,5
2021102685,セイウンチドリ,2021-03-26,村田一誠,01190,西山茂行,ガーベラパークスタッド,浦河町,000a008c1d,Mountain Flower,5
2021102685,セイウンチドリ,2021-03-26,村田一誠,01190,西山茂行,ガーベラパークスタッド,浦河町,1987103805,アグネスフローラ,3
2021102685,セイウンチドリ,2021-03-26,村田一誠,01190,西山茂行,ガーベラパークスタッド,浦河町,000a0003c6,ロイヤルスキー,4
2021102685,セイウンチドリ,2021-03-26,村田一誠,01190,西山茂行,ガーベラパークスタッド,浦河町,000a0010fa,Raja Baba,5
2021102685,セイウンチドリ,2021-03-26,村田一誠,01190,西山茂行,ガーベラパークスタッド,浦河町,000a0000ba,Coz o'Nijinsky,5
2021102685,セイウンチドリ,2021-03-26,村田一誠,01190,西山茂行,ガーベラパークスタッド,浦河町,1976107425,アグネスレディー,4
2021102685,セイウンチドリ,2021-03-26,村田一誠,01190,西山茂行,ガーベラパークスタッド,浦河町,000a0002ae,リマンド,5
2021102685,セイウンチドリ,2021-03-26,村田一誠,01190,西山茂行,ガーベラパークスタッド,浦河町,1955101234,イコマエイカン,5
2021102685,セイウンチドリ,2021-03-26,村田一誠,01190,西山茂行,ガーベラパークスタッド,浦河町,1989107262,ニシノフラワー,2
2021102685,セイウンチドリ,2021-03-26,村田一誠,01190,西山茂行,ガーベラパークスタッド,浦河町,000a00167b,Majestic Light,3
2021102685,セイウンチドリ,2021-03-26,村田一誠,01190,西山茂行,ガーベラパークスタッド,浦河町,000a000e2d,Majestic Prince,4
2021102685,セイウンチドリ,2021-03-26,村田一誠,01190,西山茂行,ガーベラパークスタッド,浦河町,000a0075f0,Gay Hostess,5
2021102685,セイウンチドリ,2021-03-26,村田一誠,01190,西山茂行,ガーベラパークスタッド,浦河町,000a0081ed,Irradiate,4
2021102685,セイウンチドリ,2021-03-26,村田一誠,01190,西山茂行,ガーベラパークスタッド,浦河町,000a000fdf,Ribot,5
2021102685,セイウンチドリ,2021-03-26,村田一誠,01190,西山茂行,ガーベラパークスタッド,浦河町,000a00766f,High Voltage,5
2021102685,セイウンチドリ,2021-03-26,村田一誠,01190,西山茂行,ガーベラパークスタッド,浦河町,000a0061e6,デユプリシト,3
2021102685,セイウンチドリ,2021-03-26,村田一誠,01190,西山茂行,ガーベラパークスタッド,浦河町,000a0000d3,Danzig,4
2021102685,セイウンチドリ,2021-03-26,村田一誠,01190,西山茂行,ガーベラパークスタッド,浦河町,000a000491,Pas de Nom,5
2021102685,セイウンチドリ,2021-03-26,村田一誠,01190,西山茂行,ガーベラパークスタッド,浦河町,000a0088db,Fabulous Fraud,4
2021102685,セイウンチドリ,2021-03-26,村田一誠,01190,西山茂行,ガーベラパークスタッド,浦河町,000a000e44,Le Fabuleux,5
2021102685,セイウンチドリ,2021-03-26,村田一誠,01190,西山茂行,ガーベラパークスタッド,浦河町,000a0088da,The Bride,5
2021103709,ソニャンド,2021-03-22,吉見真幸,05777,河野孝明,グランド牧場,新ひだか町,2012104668,サトノクラウン,1
2021103709,ソニャンド,2021-03-22,吉見真幸,05777,河野孝明,グランド牧場,新ひだか町,000a001fb6,Marju,2
2021103709,ソニャンド,2021-03-22,吉見真幸,05777,河野孝明,グランド牧場,新ひだか町,000a0001d6,ラストタイクーン,3
2021103709,ソニャンド,2021-03-22,吉見真幸,05777,河野孝明,グランド牧場,新ひだか町,000a000378,トライマイベスト,4
2021103709,ソニャンド,2021-03-22,吉見真幸,05777,河野孝明,グランド牧場,新ひだか町,000a000e04,Northern Dancer,5
2021103709,ソニャンド,2021-03-22,吉見真幸,05777,河野孝明,グランド牧場,新ひだか町,000a008298,Sex Appeal,5
2021103709,ソニャンド,2021-03-22,吉見真幸,05777,河野孝明,グランド牧場,新ひだか町,000a009241,Mill Princess,4
2021103709,ソニャンド,2021-03-22,吉見真幸,05777,河野孝明,グランド牧場,新ひだか町,000a000e32,Mill Reef,5
2021103709,ソニャンド,2021-03-22,吉見真幸,05777,河野孝明,グランド牧場,新ひだか町,000a0076b3,Irish Lass,5
2021103709,ソニャンド,2021-03-22,吉見真幸,05777,河野孝明,グランド牧場,新ひだか町,000a00902b,Flame of Tara,3
2021103709,ソニャンド,2021-03-22,吉見真幸,05777,河野孝明,グランド牧場,新ひだか町,000a00003f,アーテイアス,4
2021103709,ソニャンド,2021-03-22,吉見真幸,05777,河野孝明,グランド牧場,新ひだか町,000a000e3b,Round Table,5
2021103709,ソニャンド,2021-03-22,吉見真幸,05777,河野孝明,グランド牧場,新ひだか町,000a007d35,Stylish Pattern,5
2021103709,ソニャンド,2021-03-22,吉見真幸,05777,河野孝明,グランド牧場,新ひだか町,000a00902a,Welsh Flame,4
2021103709,ソニャンド,2021-03-22,吉見真幸,05777,河野孝明,グランド牧場,新ひだか町,000a001561,Welsh Pageant,5
2021103709,ソニャンド,2021-03-22,吉見真幸,05777,河野孝明,グランド牧場,新ひだか町,000a006f71,Electric Flash,5
2021103709,ソニャンド,2021-03-22,吉見真幸,05777,河野孝明,グランド牧場,新ひだか町,000a011cf6,ジョコンダII,2
2021103709,ソニャンド,2021-03-22,吉見真幸,05777,河野孝明,グランド牧場,新ひだか町,000a0119ba,Rossini,3
2021103709,ソニャンド,2021-03-22,吉見真幸,05777,河野孝明,グランド牧場,新ひだか町,000a0017b0,Miswaki,4
2021103709,ソニャンド,2021-03-22,吉見真幸,05777,河野孝明,グランド牧場,新ひだか町,000a001607,Mr. Prospector,5
2021103709,ソニャンド,2021-03-22,吉見真幸,05777,河野孝明,グランド牧場,新ひだか町,000a0081ee,Hopespringseternal,5
2021103709,ソニャンド,2021-03-22,吉見真幸,05777,河野孝明,グランド牧場,新ひだか町,000a00b688,Touch of Greatness,4
2021103709,ソニャンド,2021-03-22,吉見真幸,05777,河野孝明,グランド牧場,新ひだか町,000a001b40,Hero's Honor,5
2021103709,ソニャンド,2021-03-22,吉見真幸,05777,河野孝明,グランド牧場,新ひだか町,000a009180,Ivory Wand,5
2021103709,ソニャンド,2021-03-22,吉見真幸,05777,河野孝明,グランド牧場,新ひだか町,000a011c87,La Joconde,3
2021103709,ソニャンド,2021-03-22,吉見真幸,05777,河野孝明,グランド牧場,新ひだか町,000a00215f,Vettori,4
2021103709,ソニャンド,2021-03-22,吉見真幸,05777,河野孝明,グランド牧場,新ひだか町,000a001c1d,Machiavellian,5
2021103709,ソニャンド,2021-03-22,吉見真幸,05777,河野孝明,グランド牧場,新ひだか町,000a00941c,Air Distingue,5
2021103709,ソニャンド,2021-03-22,吉見真幸,05777,河野孝明,グランド牧場,新ひだか町,000a011c86,Lust,4
2021103709,ソニャンド,2021-03-22,吉見真幸,05777,河野孝明,グランド牧場,新ひだか町,000a001f4d,Pursuit of Love,5
2021103709,ソニャンド,2021-03-22,吉見真幸,05777,河野孝明,グランド牧場,新ひだか町,000a011c85,Pato,5
2021103709,ソニャンド,2021-03-22,吉見真幸,05777,河野孝明,グランド牧場,新ひだか町,2015104175,アリュマージュ,1
2021103709,ソニャンド,2021-03-22,吉見真幸,05777,河野孝明,グランド牧場,新ひだか町,2001103038,ハーツクライ,2
2021103709,ソニャンド,2021-03-22,吉見真幸,05777,河野孝明,グランド牧場,新ひだか町,000a00033a,サンデーサイレンス,3
2021103709,ソニャンド,2021-03-22,吉見真幸,05777,河野孝明,グランド牧場,新ひだか町,000a0012bf,Halo,4
2021103709,ソニャンド,2021-03-22,吉見真幸,05777,河野孝明,グランド牧場,新ひだか町,000a000f2b,Hail to Reason,5
2021103709,ソニャンド,2021-03-22,吉見真幸,05777,河野孝明,グランド牧場,新ひだか町,000a007459,Cosmah,5
2021103709,ソニャンド,2021-03-22,吉見真幸,05777,河野孝明,グランド牧場,新ひだか町,000a008c1e,Wishing Well,4
2021103709,ソニャンド,2021-03-22,吉見真幸,05777,河野孝明,グランド牧場,新ひだか町,000a0019b6,Understanding,5
2021103709,ソニャンド,2021-03-22,吉見真幸,05777,河野孝明,グランド牧場,新ひだか町,000a008c1d,Mountain Flower,5
2021103709,ソニャンド,2021-03-22,吉見真幸,05777,河野孝明,グランド牧場,新ひだか町,1990104626,アイリッシュダンス,3
2021103709,ソニャンド,2021-03-22,吉見真幸,05777,河野孝明,グランド牧場,新ひだか町,1983109006,トニービン,4
2021103709,ソニャンド,2021-03-22,吉見真幸,05777,河野孝明,グランド牧場,新ひだか町,000a000827,カンパラ,5
2021103709,ソニャンド,2021-03-22,吉見真幸,05777,河野孝明,グランド牧場,新ひだか町,000a00859c,Severn Bridge,5
2021103709,ソニャンド,2021-03-22,吉見真幸,05777,河野孝明,グランド牧場,新ひだか町,000a0061b3,ビューパーダンス,4
2021103709,ソニャンド,2021-03-22,吉見真幸,05777,河野孝明,グランド牧場,新ひだか町,000a001205,Lyphard,5
2021103709,ソニャンド,2021-03-22,吉見真幸,05777,河野孝明,グランド牧場,新ひだか町,000a0082bc,My Bupers,5
2021103709,ソニャンド,2021-03-22,吉見真幸,05777,河野孝明,グランド牧場,新ひだか町,000a00fa68,グレイトフィーヴァー,2
2021103709,ソニャンド,2021-03-22,吉見真幸,05777,河野孝明,グランド牧場,新ひだか町,000a00196b,Kaldoun,3
2021103709,ソニャンド,2021-03-22,吉見真幸,05777,河野孝明,グランド牧場,新ひだか町,000a0010ed,Caro,4
2021103709,ソニャンド,2021-03-22,吉見真幸,05777,河野孝明,グランド牧場,新ひだか町,000a000133,フォルティノ,5
2021103709,ソニャンド,2021-03-22,吉見真幸,05777,河野孝明,グランド牧場,新ひだか町,000a0069ad,Chambord,5
2021103709,ソニャンド,2021-03-22,吉見真幸,05777,河野孝明,グランド牧場,新ひだか町,000a008b47,Katana,4
2021103709,ソニャンド,2021-03-22,吉見真幸,05777,河野孝明,グランド牧場,新ひだか町,000a000f59,Le Haar,5
2021103709,ソニャンド,2021-03-22,吉見真幸,05777,河野孝明,グランド牧場,新ひだか町,000a00750c,Embellie,5
2021103709,ソニャンド,2021-03-22,吉見真幸,05777,河野孝明,グランド牧場,新ひだか町,000a00fabb,My Great Hope,3
2021103709,ソニャンド,2021-03-22,吉見真幸,05777,河野孝明,グランド牧場,新ひだか町,000a0020d3,Simply Great,4
2021103709,ソニャンド,2021-03-22,吉見真幸,05777,河野孝明,グランド牧場,新ひだか町,000a008c4c,Seneca,5
2021103709,ソニャンド,2021-03-22,吉見真幸,05777,河野孝明,グランド牧場,新ひだか町,000a00ace7,Martingale,4
2021103709,ソニャンド,2021-03-22,吉見真幸,05777,河野孝明,グランド牧場,新ひだか町,000a000e40,Luthier,5
2021103709,ソニャンド,2021-03-22,吉見真幸,05777,河野孝明,グランド牧場,新ひだか町,000a007cda,Moonmadness,5
2021105504,キャラメルショコラ,2021-04-11,藪口一麻,a0236,（有）総武開発,ノーザンファーム,安平町,000a014589,ニューイヤーズデイ,1
2021105504,キャラメルショコラ,2021-04-11,藪口一麻,a0236,（有）総武開発,ノーザンファーム,安平町,000a0103ba,Street Cry,2
2021105504,キャラメルショコラ,2021-04-11,藪口一麻,a0236,（有）総武開発,ノーザンファーム,安平町,000a001c1d,Machiavellian,3
2021105504,キャラメルショコラ,2021-04-11,藪口一麻,a0236,（有）総武開発,ノーザンファーム,安平町,000a001607,Mr. Prospector,4
2021105504,キャラメルショコラ,2021-04-11,藪口一麻,a0236,（有）総武開発,ノーザンファーム,安平町,000a000e46,Raise a Native,5
2021105504,キャラメルショコラ,2021-04-11,藪口一麻,a0236,（有）総武開発,ノーザンファーム,安平町,000a007e0c,Gold Digger,5
2021105504,キャラメルショコラ,2021-04-11,藪口一麻,a0236,（有）総武開発,ノーザンファーム,安平町,000a00931f,Coup de Folie,4
2021105504,キャラメルショコラ,2021-04-11,藪口一麻,a0236,（有）総武開発,ノーザンファーム,安平町,000a0012bf,Halo,5
2021105504,キャラメルショコラ,2021-04-11,藪口一麻,a0236,（有）総武開発,ノーザンファーム,安平町,000a009315,Raise the Standard,5
2021105504,キャラメルショコラ,2021-04-11,藪口一麻,a0236,（有）総武開発,ノーザンファーム,安平町,000a00fd0e,Helen Street,3
2021105504,キャラメルショコラ,2021-04-11,藪口一麻,a0236,（有）総武開発,ノーザンファーム,安平町,000a0016d6,Troy,4
2021105504,キャラメルショコラ,2021-04-11,藪口一麻,a0236,（有）総武開発,ノーザンファーム,安平町,000a000fb2,Petingo,5
2021105504,キャラメルショコラ,2021-04-11,藪口一麻,a0236,（有）総武開発,ノーザンファーム,安平町,000a00834f,La Milo,5
2021105504,キャラメルショコラ,2021-04-11,藪口一麻,a0236,（有）総武開発,ノーザンファーム,安平町,000a009339,Waterway,4
2021105504,キャラメルショコラ,2021-04-11,藪口一麻,a0236,（有）総武開発,ノーザンファーム,安平町,000a0014ce,Riverman,5
2021105504,キャラメルショコラ,2021-04-11,藪口一麻,a0236,（有）総武開発,ノーザンファーム,安平町,000a009338,Boulevard,5
2021105504,キャラメルショコラ,2021-04-11,藪口一麻,a0236,（有）総武開発,ノーザンファーム,安平町,000a014588,Justwhistledixie,2
2021105504,キャラメルショコラ,2021-04-11,藪口一麻,a0236,（有）総武開発,ノーザンファーム,安平町,000a00fdbe,Dixie Union,3
2021105504,キャラメルショコラ,2021-04-11,藪口一麻,a0236,（有）総武開発,ノーザンファーム,安平町,000a0017b2,Dixieland Band,4
2021105504,キャラメルショコラ,2021-04-11,藪口一麻,a0236,（有）総武開発,ノーザンファーム,安平町,000a000e04,Northern Dancer,5
2021105504,キャラメルショコラ,2021-04-11,藪口一麻,a0236,（有）総武開発,ノーザンファーム,安平町,000a0085d7,Mississippi Mud,5
2021105504,キャラメルショコラ,2021-04-11,藪口一麻,a0236,（有）総武開発,ノーザンファーム,安平町,000a00fe3a,She's Tops,4
2021105504,キャラメルショコラ,2021-04-11,藪口一麻,a0236,（有）総武開発,ノーザンファーム,安平町,000a00185a,Capote,5
2021105504,キャラメルショコラ,2021-04-11,藪口一麻,a0236,（有）総武開発,ノーザンファーム,安平町,000a00a9f6,She's a Talent,5
2021105504,キャラメルショコラ,2021-04-11,藪口一麻,a0236,（有）総武開発,ノーザンファーム,安平町,000a014587,General Jeanne,3
2021105504,キャラメルショコラ,2021-04-11,藪口一麻,a0236,（有）総武開発,ノーザンファーム,安平町,000a002072,Honour and Glory,4
2021105504,キャラメルショコラ,2021-04-11,藪口一麻,a0236,（有）総武開発,ノーザンファーム,安平町,000a001b45,Relaunch,5
2021105504,キャラメルショコラ,2021-04-11,藪口一麻,a0236,（有）総武開発,ノーザンファーム,安平町,000a00a90b,Fair to All,5
2021105504,キャラメルショコラ,2021-04-11,藪口一麻,a0236,（有）総武開発,ノーザンファーム,安平町,000a01306f,Ahpo Hel,4
2021105504,キャラメルショコラ,2021-04-11,藪口一麻,a0236,（有）総武開発,ノーザンファーム,安平町,000a000477,Mr. Leader,5
2021105504,キャラメルショコラ,2021-04-11,藪口一麻,a0236,（有）総武開発,ノーザンファーム,安平町,000a00ad4d,Tiy,5
2021105504,キャラメルショコラ,2021-04-11,藪口一麻,a0236,（有）総武開発,ノーザンファーム,安平町,2004102856,クロカンブッシュ,1
2021105504,キャラメルショコラ,2021-04-11,藪口一麻,a0236,（有）総武開発,ノーザンファーム,安平町,1992109618,フジキセキ,2
2021105504,キャラメルショコラ,2021-04-11,藪口一麻,a0236,（有）総武開発,ノーザンファーム,安平町,000a00033a,サンデーサイレンス,3
2021105504,キャラメルショコラ,2021-04-11,藪口一麻,a0236,（有）総武開発,ノーザンファーム,安平町,000a000f2b,Hail to Reason,5
2021105504,キャラメルショコラ,2021-04-11,藪口一麻,a0236,（有）総武開発,ノーザンファーム,安平町,000a007459,Cosmah,5
2021105504,キャラメルショコラ,2021-04-11,藪口一麻,a0236,（有）総武開発,ノーザンファーム,安平町,000a008c1e,Wishing Well,4
2021105504,キャラメルショコラ,2021-04-11,藪口一麻,a0236,（有）総武開発,ノーザンファーム,安平町,000a0019b6,Understanding,5
2021105504,キャラメルショコラ,2021-04-11,藪口一麻,a0236,（有）総武開発,ノーザンファーム,安平町,000a008c1d,Mountain Flower,5
2021105504,キャラメルショコラ,2021-04-11,藪口一麻,a0236,（有）総武開発,ノーザンファーム,安平町,000a00021e,ミルレーサー,3
2021105504,キャラメルショコラ,2021-04-11,藪口一麻,a0236,（有）総武開発,ノーザンファーム,安平町,000a000e44,Le Fabuleux,4
2021105504,キャラメルショコラ,2021-04-11,藪口一麻,a0236,（有）総武開発,ノーザンファーム,安平町,000a000e4e,Wild Risk,5
2021105504,キャラメルショコラ,2021-04-11,藪口一麻,a0236,（有）総武開発,ノーザンファーム,安平町,000a006907,Anguar,5
2021105504,キャラメルショコラ,2021-04-11,藪口一麻,a0236,（有）総武開発,ノーザンファーム,安平町,000a008e24,Marston's Mill,4
2021105504,キャラメルショコラ,2021-04-11,藪口一麻,a0236,（有）総武開発,ノーザンファーム,安平町,000a0010e2,In Reality,5
2021105504,キャラメルショコラ,2021-04-11,藪口一麻,a0236,（有）総武開発,ノーザンファーム,安平町,000a008e23,Millicent,5
2021105504,キャラメルショコラ,2021-04-11,藪口一麻,a0236,（有）総武開発,ノーザンファーム,安平町,000a006871,エヴァリスタ,2
2021105504,キャラメルショコラ,2021-04-11,藪口一麻,a0236,（有）総武開発,ノーザンファーム,安平町,000a001cd4,In the Wings,3
2021105504,キャラメルショコラ,2021-04-11,藪口一麻,a0236,（有）総武開発,ノーザンファーム,安平町,000a00185d,Sadler's Wells,4
2021105504,キャラメルショコラ,2021-04-11,藪口一麻,a0236,（有）総武開発,ノーザンファーム,安平町,000a008892,Fairy Bridge,5
2021105504,キャラメルショコラ,2021-04-11,藪口一麻,a0236,（有）総武開発,ノーザンファーム,安平町,1980109003,High Hawk,4
2021105504,キャラメルショコラ,2021-04-11,藪口一麻,a0236,（有）総武開発,ノーザンファーム,安平町,000a00135e,Shirley Heights,5
2021105504,キャラメルショコラ,2021-04-11,藪口一麻,a0236,（有）総武開発,ノーザンファーム,安平町,000a007243,Sunbittern,5
2021105504,キャラメルショコラ,2021-04-11,藪口一麻,a0236,（有）総武開発,ノーザンファーム,安平町,000a009259,Escaline,3
2021105504,キャラメルショコラ,2021-04-11,藪口一麻,a0236,（有）総武開発,ノーザンファーム,安平町,000a001679,Arctic Tern,4
2021105504,キャラメルショコラ,2021-04-11,藪口一麻,a0236,（有）総武開発,ノーザンファーム,安平町,000a0004bb,Sea-Bird,5
2021105504,キャラメルショコラ,2021-04-11,藪口一麻,a0236,（有）総武開発,ノーザンファーム,安平町,000a0081ec,Bubbling Beauty,5
2021105504,キャラメルショコラ,2021-04-11,藪口一麻,a0236,（有）総武開発,ノーザンファーム,安平町,000a008758,Esdee,4
2021105504,キャラメルショコラ,2021-04-11,藪口一麻,a0236,（有）総武開発,ノーザンファーム,安平町,000a008757,Stormy Love,5
2021106792,コスモカノア,2021-03-04,川添明弘,a02f5,泉一郎,ビッグレッドファーム,新冠町,2009102739,ゴールドシップ,1
2021106792,コスモカノア,2021-03-04,川添明弘,a02f5,泉一郎,ビッグレッドファーム,新冠町,1994108729,ステイゴールド,2
2021106792,コスモカノア,2021-03-04,川添明弘,a02f5,泉一郎,ビッグレッドファーム,新冠町,000a00033a,サンデーサイレンス,3
2021106792,コスモカノア,2021-03-04,川添明弘,a02f5,泉一郎,ビッグレッドファーム,新冠町,000a0012bf,Halo,4
2021106792,コスモカノア,2021-03-04,川添明弘,a02f5,泉一郎,ビッグレッドファーム,新冠町,000a000f2b,Hail to Reason,5
2021106792,コスモカノア,2021-03-04,川添明弘,a02f5,泉一郎,ビッグレッドファーム,新冠町,000a007459,Cosmah,5
2021106792,コスモカノア,2021-03-04,川添明弘,a02f5,泉一郎,ビッグレッドファーム,新冠町,000a008c1e,Wishing Well,4
2021106792,コスモカノア,2021-03-04,川添明弘,a02f5,泉一郎,ビッグレッドファーム,新冠町,000a0019b6,Understanding,5
2021106792,コスモカノア,2021-03-04,川添明弘,a02f5,泉一郎,ビッグレッドファーム,新冠町,000a008c1d,Mountain Flower,5
2021106792,コスモカノア,2021-03-04,川添明弘,a02f5,泉一郎,ビッグレッドファーム,新冠町,1988107344,ゴールデンサッシュ,3
2021106792,コスモカノア,2021-03-04,川添明弘,a02f5,泉一郎,ビッグレッドファーム,新冠町,000a0000ed,ディクタス,4
2021106792,コスモカノア,2021-03-04,川添明弘,a02f5,泉一郎,ビッグレッドファーム,新冠町,000a000ff4,Sanctus,5
2021106792,コスモカノア,2021-03-04,川添明弘,a02f5,泉一郎,ビッグレッドファーム,新冠町,000a0071d4,Doronic,5
2021106792,コスモカノア,2021-03-04,川添明弘,a02f5,泉一郎,ビッグレッドファーム,新冠町,1979101752,ダイナサッシュ,4
2021106792,コスモカノア,2021-03-04,川添明弘,a02f5,泉一郎,ビッグレッドファーム,新冠町,000a000258,ノーザンテースト,5
2021106792,コスモカノア,2021-03-04,川添明弘,a02f5,泉一郎,ビッグレッドファーム,新冠町,000a00074f,ロイヤルサッシュ,5
2021106792,コスモカノア,2021-03-04,川添明弘,a02f5,泉一郎,ビッグレッドファーム,新冠町,1998106155,ポイントフラッグ,2
2021106792,コスモカノア,2021-03-04,川添明弘,a02f5,泉一郎,ビッグレッドファーム,新冠町,1987107235,メジロマックイーン,3
2021106792,コスモカノア,2021-03-04,川添明弘,a02f5,泉一郎,ビッグレッドファーム,新冠町,1978106598,メジロティターン,4
2021106792,コスモカノア,2021-03-04,川添明弘,a02f5,泉一郎,ビッグレッドファーム,新冠町,000a000b2b,メジロアサマ,5
2021106792,コスモカノア,2021-03-04,川添明弘,a02f5,泉一郎,ビッグレッドファーム,新冠町,000a000581,シエリル,5
2021106792,コスモカノア,2021-03-04,川添明弘,a02f5,泉一郎,ビッグレッドファーム,新冠町,1978106600,メジロオーロラ,4
2021106792,コスモカノア,2021-03-04,川添明弘,a02f5,泉一郎,ビッグレッドファーム,新冠町,000a0002ae,リマンド,5
2021106792,コスモカノア,2021-03-04,川添明弘,a02f5,泉一郎,ビッグレッドファーム,新冠町,000a003fc1,メジロアイリス,5
2021106792,コスモカノア,2021-03-04,川添明弘,a02f5,泉一郎,ビッグレッドファーム,新冠町,1987106268,パストラリズム,3
2021106792,コスモカノア,2021-03-04,川添明弘,a02f5,泉一郎,ビッグレッドファーム,新冠町,000a000cde,プルラリズム,4
2021106792,コスモカノア,2021-03-04,川添明弘,a02f5,泉一郎,ビッグレッドファーム,新冠町,000a0012c8,The Minstrel,5
2021106792,コスモカノア,2021-03-04,川添明弘,a02f5,泉一郎,ビッグレッドファーム,新冠町,000a007f7a,Cambretta,5
2021106792,コスモカノア,2021-03-04,川添明弘,a02f5,泉一郎,ビッグレッドファーム,新冠町,1978105727,トクノエイティー,4
2021106792,コスモカノア,2021-03-04,川添明弘,a02f5,泉一郎,ビッグレッドファーム,新冠町,000a000375,トライバルチーフ,5
2021106792,コスモカノア,2021-03-04,川添明弘,a02f5,泉一郎,ビッグレッドファーム,新冠町,1955104166,アイアンルビー,5
2021106792,コスモカノア,2021-03-04,川添明弘,a02f5,泉一郎,ビッグレッドファーム,新冠町,2011103776,スウィートレイラニ,1
2021106792,コスモカノア,2021-03-04,川添明弘,a02f5,泉一郎,ビッグレッドファーム,新冠町,2002100816,ディープインパクト,2
2021106792,コスモカノア,2021-03-04,川添明弘,a02f5,泉一郎,ビッグレッドファーム,新冠町,000a0003a2,ウインドインハーヘア,3
2021106792,コスモカノア,2021-03-04,川添明弘,a02f5,泉一郎,ビッグレッドファーム,新冠町,000a001cb4,Alzao,4
2021106792,コスモカノア,2021-03-04,川添明弘,a02f5,泉一郎,ビッグレッドファーム,新冠町,000a001205,Lyphard,5
2021106792,コスモカノア,2021-03-04,川添明弘,a02f5,泉一郎,ビッグレッドファーム,新冠町,000a009170,Lady Rebecca,5
2021106792,コスモカノア,2021-03-04,川添明弘,a02f5,泉一郎,ビッグレッドファーム,新冠町,000a00922c,Burghclere,4
2021106792,コスモカノア,2021-03-04,川添明弘,a02f5,泉一郎,ビッグレッドファーム,新冠町,000a000e0d,Busted,5
2021106792,コスモカノア,2021-03-04,川添明弘,a02f5,泉一郎,ビッグレッドファーム,新冠町,000a008341,Highclere,5
2021106792,コスモカノア,2021-03-04,川添明弘,a02f5,泉一郎,ビッグレッドファーム,新冠町,2004103059,ウィキウィキ,2
2021106792,コスモカノア,2021-03-04,川添明弘,a02f5,泉一郎,ビッグレッドファーム,新冠町,000a00013a,フレンチデピュティ,3
2021106792,コスモカノア,2021-03-04,川添明弘,a02f5,泉一郎,ビッグレッドファーム,新冠町,000a001849,Deputy Minister,4
2021106792,コスモカノア,2021-03-04,川添明弘,a02f5,泉一郎,ビッグレッドファーム,新冠町,000a0007e5,Vice Regent,5
2021106792,コスモカノア,2021-03-04,川添明弘,a02f5,泉一郎,ビッグレッドファーム,新冠町,000a00884d,Mint Copy,5
2021106792,コスモカノア,2021-03-04,川添明弘,a02f5,泉一郎,ビッグレッドファーム,新冠町,000a00a946,Mitterand,4
2021106792,コスモカノア,2021-03-04,川添明弘,a02f5,泉一郎,ビッグレッドファーム,新冠町,000a00184d,Hold Your Peace,5
2021106792,コスモカノア,2021-03-04,川添明弘,a02f5,泉一郎,ビッグレッドファーム,新冠町,000a00a945,Laredo Lass,5
2021106792,コスモカノア,2021-03-04,川添明弘,a02f5,泉一郎,ビッグレッドファーム,新冠町,000a006897,リアルナンバー,3
2021106792,コスモカノア,2021-03-04,川添明弘,a02f5,泉一郎,ビッグレッドファーム,新冠町,000a002322,Rainbow Corner,4
2021106792,コスモカノア,2021-03-04,川添明弘,a02f5,泉一郎,ビッグレッドファーム,新冠町,000a001b4d,Rainbow Quest,5
2021106792,コスモカノア,2021-03-04,川添明弘,a02f5,泉一郎,ビッグレッドファーム,新冠町,000a00b694,Kingscote,5
2021106792,コスモカノア,2021-03-04,川添明弘,a02f5,泉一郎,ビッグレッドファーム,新冠町,000a00b695,Numeraria,4
2021106792,コスモカノア,2021-03-04,川添明弘,a02f5,泉一郎,ビッグレッドファーム,新冠町,000a00031e,サザンヘイロー,5
2021106792,コスモカノア,2021-03-04,川添明弘,a02f5,泉一郎,ビッグレッドファーム,新冠町,000a00b696,Numismatica,5
2021106823,コガネノソラ,2021-05-06,菊沢隆徳,01115,ビッグレッドファーム,ビッグレッドファーム,新冠町,2009102739,ゴールドシップ,1
2021106823,コガネノソラ,2021-05-06,菊沢隆徳,01115,ビッグレッドファーム,ビッグレッドファーム,新冠町,1994108729,ステイゴールド,2
2021106823,コガネノソラ,2021-05-06,菊沢隆徳,01115,ビッグレッドファーム,ビッグレッドファーム,新冠町,000a00033a,サンデーサイレンス,3
2021106823,コガネノソラ,2021-05-06,菊沢隆徳,01115,ビッグレッドファーム,ビッグレッドファーム,新冠町,000a0012bf,Halo,4
2021106823,コガネノソラ,2021-05-06,菊沢隆徳,01115,ビッグレッドファーム,ビッグレッドファーム,新冠町,000a000f2b,Hail to Reason,5
2021106823,コガネノソラ,2021-05-06,菊沢隆徳,01115,ビッグレッドファーム,ビッグレッドファーム,新冠町,000a007459,Cosmah,5
2021106823,コガネノソラ,2021-05-06,菊沢隆徳,01115,ビッグレッドファーム,ビッグレッドファーム,新冠町,000a008c1e,Wishing Well,4
2021106823,コガネノソラ,2021-05-06,菊沢隆徳,01115,ビッグレッドファーム,ビッグレッドファーム,新冠町,000a0019b6,Understanding,5
2021106823,コガネノソラ,2021-05-06,菊沢隆徳,01115,ビッグレッドファーム,ビッグレッドファーム,新冠町,000a008c1d,Mountain Flower,5
2021106823,コガネノソラ,2021-05-06,菊沢隆徳,01115,ビッグレッドファーム,ビッグレッドファーム,新冠町,1988107344,ゴールデンサッシュ,3
2021106823,コガネノソラ,2021-05-06,菊沢隆徳,01115,ビッグレッドファーム,ビッグレッドファーム,新冠町,000a0000ed,ディクタス,4
2021106823,コガネノソラ,2021-05-06,菊沢隆徳,01115,ビッグレッドファーム,ビッグレッドファーム,新冠町,000a000ff4,Sanctus,5
2021106823,コガネノソラ,2021-05-06,菊沢隆徳,01115,ビッグレッドファーム,ビッグレッドファーム,新冠町,000a0071d4,Doronic,5
2021106823,コガネノソラ,2021-05-06,菊沢隆徳,01115,ビッグレッドファーム,ビッグレッドファーム,新冠町,1979101752,ダイナサッシュ,4
2021106823,コガネノソラ,2021-05-06,菊沢隆徳,01115,ビッグレッドファーム,ビッグレッドファーム,新冠町,000a000258,ノーザンテースト,5
2021106823,コガネノソラ,2021-05-06,菊沢隆徳,01115,ビッグレッドファーム,ビッグレッドファーム,新冠町,000a00074f,ロイヤルサッシュ,5
2021106823,コガネノソラ,2021-05-06,菊沢隆徳,01115,ビッグレッドファーム,ビッグレッドファーム,新冠町,1998106155,ポイントフラッグ,2
2021106823,コガネノソラ,2021-05-06,菊沢隆徳,01115,ビッグレッドファーム,ビッグレッドファーム,新冠町,1987107235,メジロマックイーン,3
2021106823,コガネノソラ,2021-05-06,菊沢隆徳,01115,ビッグレッドファーム,ビッグレッドファーム,新冠町,1978106598,メジロティターン,4
2021106823,コガネノソラ,2021-05-06,菊沢隆徳,01115,ビッグレッドファーム,ビッグレッドファーム,新冠町,000a000b2b,メジロアサマ,5
2021106823,コガネノソラ,2021-05-06,菊沢隆徳,01115,ビッグレッドファーム,ビッグレッドファーム,新冠町,000a000581,シエリル,5
2021106823,コガネノソラ,2021-05-06,菊沢隆徳,01115,ビッグレッドファーム,ビッグレッドファーム,新冠町,1978106600,メジロオーロラ,4
2021106823,コガネノソラ,2021-05-06,菊沢隆徳,01115,ビッグレッドファーム,ビッグレッドファーム,新冠町,000a0002ae,リマンド,5
2021106823,コガネノソラ,2021-05-06,菊沢隆徳,01115,ビッグレッドファーム,ビッグレッドファーム,新冠町,000a003fc1,メジロアイリス,5
2021106823,コガネノソラ,2021-05-06,菊沢隆徳,01115,ビッグレッドファーム,ビッグレッドファーム,新冠町,1987106268,パストラリズム,3
2021106823,コガネノソラ,2021-05-06,菊沢隆徳,01115,ビッグレッドファーム,ビッグレッドファーム,新冠町,000a000cde,プルラリズム,4
2021106823,コガネノソラ,2021-05-06,菊沢隆徳,01115,ビッグレッドファーム,ビッグレッドファーム,新冠町,000a0012c8,The Minstrel,5
2021106823,コガネノソラ,2021-05-06,菊沢隆徳,01115,ビッグレッドファーム,ビッグレッドファーム,新冠町,000a007f7a,Cambretta,5
2021106823,コガネノソラ,2021-05-06,菊沢隆徳,01115,ビッグレッドファーム,ビッグレッドファーム,新冠町,1978105727,トクノエイティー,4
2021106823,コガネノソラ,2021-05-06,菊沢隆徳,01115,ビッグレッドファーム,ビッグレッドファーム,新冠町,000a000375,トライバルチーフ,5
2021106823,コガネノソラ,2021-05-06,菊沢隆徳,01115,ビッグレッドファーム,ビッグレッドファーム,新冠町,1955104166,アイアンルビー,5
2021106823,コガネノソラ,2021-05-06,菊沢隆徳,01115,ビッグレッドファーム,ビッグレッドファーム,新冠町,2009105143,マイネヒメル,1
2021106823,コガネノソラ,2021-05-06,菊沢隆徳,01115,ビッグレッドファーム,ビッグレッドファーム,新冠町,000a010a10,ロージズインメイ,2
2021106823,コガネノソラ,2021-05-06,菊沢隆徳,01115,ビッグレッドファーム,ビッグレッドファーム,新冠町,000a002109,Devil His Due,3
2021106823,コガネノソラ,2021-05-06,菊沢隆徳,01115,ビッグレッドファーム,ビッグレッドファーム,新冠町,000a001a8f,Devil's Bag,4
2021106823,コガネノソラ,2021-05-06,菊沢隆徳,01115,ビッグレッドファーム,ビッグレッドファーム,新冠町,000a0085ed,Ballade,5
2021106823,コガネノソラ,2021-05-06,菊沢隆徳,01115,ビッグレッドファーム,ビッグレッドファーム,新冠町,000a009f28,Plenty O'Toole,4
2021106823,コガネノソラ,2021-05-06,菊沢隆徳,01115,ビッグレッドファーム,ビッグレッドファーム,新冠町,000a001787,Raise a Cup,5
2021106823,コガネノソラ,2021-05-06,菊沢隆徳,01115,ビッグレッドファーム,ビッグレッドファーム,新冠町,000a009f27,Li'l Puss,5
2021106823,コガネノソラ,2021-05-06,菊沢隆徳,01115,ビッグレッドファーム,ビッグレッドファーム,新冠町,000a00b187,Tell a Secret,3
2021106823,コガネノソラ,2021-05-06,菊沢隆徳,01115,ビッグレッドファーム,ビッグレッドファーム,新冠町,000a00180b,Speak John,4
2021106823,コガネノソラ,2021-05-06,菊沢隆徳,01115,ビッグレッドファーム,ビッグレッドファーム,新冠町,000a000fc7,Prince John,5
2021106823,コガネノソラ,2021-05-06,菊沢隆徳,01115,ビッグレッドファーム,ビッグレッドファーム,新冠町,000a008739,Nuit de Folies,5
2021106823,コガネノソラ,2021-05-06,菊沢隆徳,01115,ビッグレッドファーム,ビッグレッドファーム,新冠町,000a00a6a7,Secret Retreat,4
2021106823,コガネノソラ,2021-05-06,菊沢隆徳,01115,ビッグレッドファーム,ビッグレッドファーム,新冠町,000a001981,Clandestine,5
2021106823,コガネノソラ,2021-05-06,菊沢隆徳,01115,ビッグレッドファーム,ビッグレッドファーム,新冠町,000a00a6a6,Retirement,5
2021106823,コガネノソラ,2021-05-06,菊沢隆徳,01115,ビッグレッドファーム,ビッグレッドファーム,新冠町,2003110225,コスモチェーロ,2
2021106823,コガネノソラ,2021-05-06,菊沢隆徳,01115,ビッグレッドファーム,ビッグレッドファーム,新冠町,000a0022cf,Fusaichi Pegasus,3
2021106823,コガネノソラ,2021-05-06,菊沢隆徳,01115,ビッグレッドファーム,ビッグレッドファーム,新冠町,000a001607,Mr. Prospector,4
2021106823,コガネノソラ,2021-05-06,菊沢隆徳,01115,ビッグレッドファーム,ビッグレッドファーム,新冠町,000a000e46,Raise a Native,5
2021106823,コガネノソラ,2021-05-06,菊沢隆徳,01115,ビッグレッドファーム,ビッグレッドファーム,新冠町,000a007e0c,Gold Digger,5
2021106823,コガネノソラ,2021-05-06,菊沢隆徳,01115,ビッグレッドファーム,ビッグレッドファーム,新冠町,000a00b4ce,Angel Fever,4
2021106823,コガネノソラ,2021-05-06,菊沢隆徳,01115,ビッグレッドファーム,ビッグレッドファーム,新冠町,000a0000d3,Danzig,5
2021106823,コガネノソラ,2021-05-06,菊沢隆徳,01115,ビッグレッドファーム,ビッグレッドファーム,新冠町,000a009b54,Rowdy Angel,5
2021106823,コガネノソラ,2021-05-06,菊沢隆徳,01115,ビッグレッドファーム,ビッグレッドファーム,新冠町,000a01087a,Shorwon,3
2021106823,コガネノソラ,2021-05-06,菊沢隆徳,01115,ビッグレッドファーム,ビッグレッドファーム,新冠町,000a01084a,Buena Shore,4
2021106823,コガネノソラ,2021-05-06,菊沢隆徳,01115,ビッグレッドファーム,ビッグレッドファーム,新冠町,000a002093,George Lewis,5
2021106823,コガネノソラ,2021-05-06,菊沢隆徳,01115,ビッグレッドファーム,ビッグレッドファーム,新冠町,000a010877,Full View,5
2021106823,コガネノソラ,2021-05-06,菊沢隆徳,01115,ビッグレッドファーム,ビッグレッドファーム,新冠町,000a010879,April Wonder,4
2021106823,コガネノソラ,2021-05-06,菊沢隆徳,01115,ビッグレッドファーム,ビッグレッドファーム,新冠町,000a000f91,Newtown Wonder,5
2021106823,コガネノソラ,2021-05-06,菊沢隆徳,01115,ビッグレッドファーム,ビッグレッドファーム,新冠町,000a010878,April Flower,5
2021110056,エコロガイア,2021-04-22,森秀行,00427,原村正紀,Spry Family Farm,米,000a011200,Speightstown,1
2021110056,エコロガイア,2021-04-22,森秀行,00427,原村正紀,Spry Family Farm,米,000a001be1,Gone West,2
2021110056,エコロガイア,2021-04-22,森秀行,00427,原村正紀,Spry Family Farm,米,000a001607,Mr. Prospector,3
2021110056,エコロガイア,2021-04-22,森秀行,00427,原村正紀,Spry Family Farm,米,000a000e46,Raise a Native,4
2021110056,エコロガイア,2021-04-22,森秀行,00427,原村正紀,Spry Family Farm,米,000a000f89,Native Dancer,5
2021110056,エコロガイア,2021-04-22,森秀行,00427,原村正紀,Spry Family Farm,米,000a007984,Raise You,5
2021110056,エコロガイア,2021-04-22,森秀行,00427,原村正紀,Spry Family Farm,米,000a007e0c,Gold Digger,4
2021110056,エコロガイア,2021-04-22,森秀行,00427,原村正紀,Spry Family Farm,米,000a000f87,Nashua,5
2021110056,エコロガイア,2021-04-22,森秀行,00427,原村正紀,Spry Family Farm,米,000a007d1c,Sequence,5
2021110056,エコロガイア,2021-04-22,森秀行,00427,原村正紀,Spry Family Farm,米,000a00923d,Secrettame,3
2021110056,エコロガイア,2021-04-22,森秀行,00427,原村正紀,Spry Family Farm,米,000a000ded,Secretariat,4
2021110056,エコロガイア,2021-04-22,森秀行,00427,原村正紀,Spry Family Farm,米,000a000e94,Bold Ruler,5
2021110056,エコロガイア,2021-04-22,森秀行,00427,原村正紀,Spry Family Farm,米,000a007a74,Somethingroyal,5
2021110056,エコロガイア,2021-04-22,森秀行,00427,原村正紀,Spry Family Farm,米,000a007fb9,Tamerett,4
2021110056,エコロガイア,2021-04-22,森秀行,00427,原村正紀,Spry Family Farm,米,000a00102d,Tim Tam,5
2021110056,エコロガイア,2021-04-22,森秀行,00427,原村正紀,Spry Family Farm,米,000a007f4d,Mixed Marriage,5
2021110056,エコロガイア,2021-04-22,森秀行,00427,原村正紀,Spry Family Farm,米,000a01120c,Silken Cat,2
2021110056,エコロガイア,2021-04-22,森秀行,00427,原村正紀,Spry Family Farm,米,000a001a98,Storm Cat,3
2021110056,エコロガイア,2021-04-22,森秀行,00427,原村正紀,Spry Family Farm,米,000a0016d4,Storm Bird,4
2021110056,エコロガイア,2021-04-22,森秀行,00427,原村正紀,Spry Family Farm,米,000a000e04,Northern Dancer,5
2021110056,エコロガイア,2021-04-22,森秀行,00427,原村正紀,Spry Family Farm,米,000a00834c,South Ocean,5
2021110056,エコロガイア,2021-04-22,森秀行,00427,原村正紀,Spry Family Farm,米,000a008e05,Terlingua,4
2021110056,エコロガイア,2021-04-22,森秀行,00427,原村正紀,Spry Family Farm,米,000a008e04,Crimson Saint,5
2021110056,エコロガイア,2021-04-22,森秀行,00427,原村正紀,Spry Family Farm,米,000a010b58,Silken Doll,3
2021110056,エコロガイア,2021-04-22,森秀行,00427,原村正紀,Spry Family Farm,米,000a000eae,Chieftain,4
2021110056,エコロガイア,2021-04-22,森秀行,00427,原村正紀,Spry Family Farm,米,000a007930,Pocahontas,5
2021110056,エコロガイア,2021-04-22,森秀行,00427,原村正紀,Spry Family Farm,米,000a00a02b,Insilca,4
2021110056,エコロガイア,2021-04-22,森秀行,00427,原村正紀,Spry Family Farm,米,000a000e0e,Buckpasser,5
2021110056,エコロガイア,2021-04-22,森秀行,00427,原村正紀,Spry Family Farm,米,000a00877a,Copper Canyon,5
2021110056,エコロガイア,2021-04-22,森秀行,00427,原村正紀,Spry Family Farm,米,000a01d0d3,Charge of Angels,1
2021110056,エコロガイア,2021-04-22,森秀行,00427,原村正紀,Spry Family Farm,米,000a0022ea,Distorted Humor,2
2021110056,エコロガイア,2021-04-22,森秀行,00427,原村正紀,Spry Family Farm,米,000a000134,フォーティナイナー,3
2021110056,エコロガイア,2021-04-22,森秀行,00427,原村正紀,Spry Family Farm,米,000a0094a9,File,4
2021110056,エコロガイア,2021-04-22,森秀行,00427,原村正紀,Spry Family Farm,米,000a001033,Tom Rolfe,5
2021110056,エコロガイア,2021-04-22,森秀行,00427,原村正紀,Spry Family Farm,米,000a000595,Continue,5
2021110056,エコロガイア,2021-04-22,森秀行,00427,原村正紀,Spry Family Farm,米,000a00b53d,Danzig's Beauty,3
2021110056,エコロガイア,2021-04-22,森秀行,00427,原村正紀,Spry Family Farm,米,000a0000d3,Danzig,4
2021110056,エコロガイア,2021-04-22,森秀行,00427,原村正紀,Spry Family Farm,米,000a000491,Pas de Nom,5
2021110056,エコロガイア,2021-04-22,森秀行,00427,原村正紀,Spry Family Farm,米,000a00b53e,Sweetest Chant,4
2021110056,エコロガイア,2021-04-22,森秀行,00427,原村正紀,Spry Family Farm,米,000a000477,Mr. Leader,5
2021110056,エコロガイア,2021-04-22,森秀行,00427,原村正紀,Spry Family Farm,米,000a009f59,Gay Sonnet,5
2021110056,エコロガイア,2021-04-22,森秀行,00427,原村正紀,Spry Family Farm,米,000a011762,She's a Winner,2
2021110056,エコロガイア,2021-04-22,森秀行,00427,原村正紀,Spry Family Farm,米,000a001d37,A.P. Indy,3
2021110056,エコロガイア,2021-04-22,森秀行,00427,原村正紀,Spry Family Farm,米,000a0015fc,Seattle Slew,4
2021110056,エコロガイア,2021-04-22,森秀行,00427,原村正紀,Spry Family Farm,米,000a001598,Bold Reasoning,5
2021110056,エコロガイア,2021-04-22,森秀行,00427,原村正紀,Spry Family Farm,米,000a008080,My Charmer,5
2021110056,エコロガイア,2021-04-22,森秀行,00427,原村正紀,Spry Family Farm,米,000a009821,Weekend Surprise,4
2021110056,エコロガイア,2021-04-22,森秀行,00427,原村正紀,Spry Family Farm,米,000a009820,Lassie Dear,5
2021110056,エコロガイア,2021-04-22,森秀行,00427,原村正紀,Spry Family Farm,米,000a010be5,Get Lucky,3
2021110056,エコロガイア,2021-04-22,森秀行,00427,原村正紀,Spry Family Farm,米,000a00930d,Dance Number,4
2021110056,エコロガイア,2021-04-22,森秀行,00427,原村正紀,Spry Family Farm,米,000a008785,Numbered Account,5
